SERIAL NO,AIRLINE ,AIRLINE IATA CODE,FLIGHT NO,FLIGHT TYPE,ROUTE,DEPARTURE COUNTRY,DEPARTURE CITY,DEPARTURE AIRPORT,DEPARTURE IATA CODE,ARRIVAL COUNTRY,ARRIVAL CITY,ARRIVAL AIRPORT,ARRIVAL IATA CODE,FLIGHT DURATION,
1,AIRBLUE,PA,PA-201,DOMESTIC,ISB-KHI,PAKISTAN,ISLAMABAD,ISLAMABAD INTERNATIONAL AIRPORT,ISB,PAKISTAN,KARACHI,JINNAH INTERNATIONAL AIRPORT,KHI,1 HOUR 58 MINUTES,
2,AIRBLUE,PA,PA-207,DOMESTIC,ISB-KHI,PAKISTAN,ISLAMABAD,ISLAMABAD INTERNATIONAL AIRPORT,ISB,PAKISTAN,KARACHI,JINNAH INTERNATIONAL AIRPORT,KHI,1 HOUR 58 MINUTES,
3,AIRBLUE,PA,PA-200,DOMESTIC,KHI-ISB,PAKISTAN,KARACHI,JINNAH INTERNATIONAL AIRPORT,KHI,PAKISTAN,ISLAMABAD,ISLAMABAD INTERNATIONAL AIRPORT,ISB,1 HOUR 58 MINUTES,
4,AIRBLUE,PA,PA-208,DOMESTIC,KHI-ISB,PAKISTAN,KARACHI,JINNAH INTERNATIONAL AIRPORT,KHI,PAKISTAN,ISLAMABAD,ISLAMABAD INTERNATIONAL AIRPORT,ISB,1 HOUR 58 MINUTES,
5,AIRBLUE,PA,PA-402,DOMESTIC,KHI-LHE,PAKISTAN,KARACHI,JINNAH INTERNATIONAL AIRPORT,KHI,PAKISTAN,LAHORE,ALLAMA IQBAL INTERNATIONAL AIRPORT,LHE,1 HOUR 58 MINUTES,
6,AIRBLUE,PA,PA-406,DOMESTIC,KHI-LHE,PAKISTAN,KARACHI,JINNAH INTERNATIONAL AIRPORT,KHI,PAKISTAN,LAHORE,ALLAMA IQBAL INTERNATIONAL AIRPORT,LHE,1 HOUR 58 MINUTES,
7,AIRBLUE,PA,PA-401,DOMESTIC,LHE-KHI,PAKISTAN,LAHORE,ALLAMA IQBAL INTERNATIONAL AIRPORT,LHE,PAKISTAN,KARACHI,JINNAH INTERNATIONAL AIRPORT,KHI,1 HOUR 58 MINUTES,
8,AIRBLUE,PA,PA-405,DOMESTIC,LHE-KHI,PAKISTAN,LAHORE,ALLAMA IQBAL INTERNATIONAL AIRPORT,LHE,PAKISTAN,KARACHI,JINNAH INTERNATIONAL AIRPORT,KHI,1 HOUR 58 MINUTES,
9,AIRBLUE,PA,PA-702,DOMESTIC,ISB-KDU,PAKISTAN,ISLAMABAD,ISLAMABAD INTERNATIONAL AIRPORT,ISB,PAKISTAN,SKARDU,SKARDU INTERNATIONAL AIRPORT,KDU,1 HOUR,
10,AIRBLUE,PA,PA-703,DOMESTIC,KDU-ISB,PAKISTAN,SKARDU,SKARDU INTERNATIONAL AIRPORT,KDU,PAKISTAN,ISLAMABAD,ISLAMABAD INTERNATIONAL AIRPORT,ISB,1 HOUR,
11,AIRBLUE,PA,PA-704,DOMESTIC,LHE-KDU,PAKISTAN,LAHORE,ALLAMA IQBAL INTERNATIONAL AIRPORT,LHE,PAKISTAN,SKARDU,SKARDU INTERNATIONAL AIRPORT,KDU,1 HOUR 30 MINUTES,
12,AIRBLUE,PA,PA-705,DOMESTIC,KDU-LHE,PAKISTAN,SKARDU,SKARDU INTERNATIONAL AIRPORT,KDU,PAKISTAN,ISLAMABAD,ISLAMABAD INTERNATIONAL AIRPORT,ISB,1 HOUR 35 MINUTES,
13,PAKISTAN INTERNATIONAL AIRLINE,PIA,PK-301,DOMESTIC,ISB-KHI,PAKISTAN,ISLAMABAD,ISLAMABAD INTERNATIONAL AIRPORT,ISB,PAKISTAN,KARACHI,JINNAH INTERNATIONAL AIRPORT,KHI,1 HOUR 55 MINUTES,
14,PAKISTAN INTERNATIONAL AIRLINE,PIA,PK-309,DOMESTIC,ISB-KHI,PAKISTAN,ISLAMABAD,ISLAMABAD INTERNATIONAL AIRPORT,ISB,PAKISTAN,KARACHI,JINNAH INTERNATIONAL AIRPORT,KHI,1 HOUR 55 MINUTES,
15,PAKISTAN INTERNATIONAL AIRLINE,PIA,PK-319,DOMESTIC,ISB-KHI,PAKISTAN,ISLAMABAD,ISLAMABAD INTERNATIONAL AIRPORT,ISB,PAKISTAN,KARACHI,JINNAH INTERNATIONAL AIRPORT,KHI,1 HOUR 55 MINUTES,
16,PAKISTAN INTERNATIONAL AIRLINE,PIA,PK-300,DOMESTIC,KHI-ISB,PAKISTAN,KARACHI,JINNAH INTERNATIONAL AIRPORT,KHI,PAKISTAN,ISLAMABAD,ISLAMABAD INTERNATIONAL AIRPORT,ISB,1 HOUR 55 MINUTES,
17,PAKISTAN INTERNATIONAL AIRLINE,PIA,PK-308,DOMESTIC,KHI-ISB,PAKISTAN,KARACHI,JINNAH INTERNATIONAL AIRPORT,KHI,PAKISTAN,ISLAMABAD,ISLAMABAD INTERNATIONAL AIRPORT,ISB,1 HOUR 55 MINUTES,
18,PAKISTAN INTERNATIONAL AIRLINE,PIA,PK-320,DOMESTIC,KHI-ISB,PAKISTAN,KARACHI,JINNAH INTERNATIONAL AIRPORT,KHI,PAKISTAN,ISLAMABAD,ISLAMABAD INTERNATIONAL AIRPORT,ISB,1 HOUR 55 MINUTES,
19,PAKISTAN INTERNATIONAL AIRLINE,PIA,PK-325,DOMESTIC,ISB-UET,PAKISTAN,ISLAMABAD,ISLAMABAD INTERNATIONAL AIRPORT,ISB,PAKISTAN,QUETTA,Quetta International Airport ,UET,1 HOUR 25 MINUTES,
20,PAKISTAN INTERNATIONAL AIRLINE,PIA,PK-326,DOMESTIC,UET-ISB,PAKISTAN,QUETTA,Quetta International Airport ,UET,PAKISTAN,ISLAMABAD,ISLAMABAD INTERNATIONAL AIRPORT,ISB,1 HOUR 25 MINUTES,
21,PAKISTAN INTERNATIONAL AIRLINE,PIA,PK-303,DOMESTIC,LHE-KHI,PAKISTAN,LAHORE,ALLAMA IQBAL INTERNATIONAL AIRPORT,LHE,PAKISTAN,KARACHI,JINNAH INTERNATIONAL AIRPORT,KHI,1 HOUR 45 MINUTES,
22,PAKISTAN INTERNATIONAL AIRLINE,PIA,PK-305,DOMESTIC,LHE-KHI,PAKISTAN,LAHORE,ALLAMA IQBAL INTERNATIONAL AIRPORT,LHE,PAKISTAN,KARACHI,JINNAH INTERNATIONAL AIRPORT,KHI,1 HOUR 45 MINUTES,
23,PAKISTAN INTERNATIONAL AIRLINE,PIA,PK-307,DOMESTIC,LHE-KHI,PAKISTAN,LAHORE,ALLAMA IQBAL INTERNATIONAL AIRPORT,LHE,PAKISTAN,KARACHI,JINNAH INTERNATIONAL AIRPORT,KHI,1 HOUR 45 MINUTES,
24,PAKISTAN INTERNATIONAL AIRLINE,PIA,PK-302,DOMESTIC,KHI-LHE,PAKISTAN,KARACHI,JINNAH INTERNATIONAL AIRPORT,KHI,PAKISTAN,LAHORE,ALLAMA IQBAL INTERNATIONAL AIRPORT,LHE,1 HOUR 45 MINUTES,
25,PAKISTAN INTERNATIONAL AIRLINE,PIA,PK-304,DOMESTIC,KHI-LHE,PAKISTAN,KARACHI,JINNAH INTERNATIONAL AIRPORT,KHI,PAKISTAN,LAHORE,ALLAMA IQBAL INTERNATIONAL AIRPORT,LHE,1 HOUR 45 MINUTES,
26,PAKISTAN INTERNATIONAL AIRLINE,PIA,PK-306,DOMESTIC,KHI-LHE,PAKISTAN,KARACHI,JINNAH INTERNATIONAL AIRPORT,KHI,PAKISTAN,LAHORE,ALLAMA IQBAL INTERNATIONAL AIRPORT,LHE,1 HOUR 45 MINUTES,
27,PAKISTAN INTERNATIONAL AIRLINE,PIA,PK-310,DOMESTIC,KHI-UET,PAKISTAN,KARACHI,JINNAH INTERNATIONAL AIRPORT,KHI,PAKISTAN,QUETTA,Quetta International Airport ,UET,1 HOUR 20 MINUTES,
28,PAKISTAN INTERNATIONAL AIRLINE,PIA,PK-311,DOMESTIC,UET-KHI,PAKISTAN,QUETTA,Quetta International Airport ,UET,PAKISTAN,KARACHI,JINNAH INTERNATIONAL AIRPORT,KHI,1 HOUR 20 MINUTES,
29,PAKISTAN INTERNATIONAL AIRLINE,PIA,PK-330,DOMESTIC,KHI-MUX,PAKISTAN,KARACHI,JINNAH INTERNATIONAL AIRPORT,KHI,PAKISTAN,MULTAN,Multan International Airport,MUX,1 HOUR 25 MINUTES,
30,PAKISTAN INTERNATIONAL AIRLINE,PIA,PK-331,DOMESTIC,MUX-KHI,PAKISTAN,MULTAN,Multan International Airport,MUX,PAKISTAN,KARACHI,JINNAH INTERNATIONAL AIRPORT,KHI,1 HOUR 25 MINUTES,
31,PAKISTAN INTERNATIONAL AIRLINE,PIA,PK-601,DOMESTIC,ISB-GIL,PAKISTAN,ISLAMABAD,ISLAMABAD INTERNATIONAL AIRPORT,ISB,PAKISTAN,GILGIT,GILGIT AIRPORT,GIL,1 HOUR 15 MINUTES,
32,PAKISTAN INTERNATIONAL AIRLINE,PIA,PK-603,DOMESTIC,ISB-GIL,PAKISTAN,ISLAMABAD,ISLAMABAD INTERNATIONAL AIRPORT,ISB,PAKISTAN,GILGIT,GILGIT AIRPORT,GIL,1 HOUR 15 MINUTES,
33,PAKISTAN INTERNATIONAL AIRLINE,PIA,PK-602,DOMESTIC,GIL-ISB,PAKISTAN,GILGIT,GILGIT AIRPORT,GIL,PAKISTAN,ISLAMABAD,ISLAMABAD INTERNATIONAL AIRPORT,ISB,1 HOUR 15 MINUTES,
34,PAKISTAN INTERNATIONAL AIRLINE,PIA,PK-604,DOMESTIC,GIL-ISB,PAKISTAN,GILGIT,GILGIT AIRPORT,GIL,PAKISTAN,ISLAMABAD,ISLAMABAD INTERNATIONAL AIRPORT,ISB,1 HOUR 15 MINUTES,
35,PAKISTAN INTERNATIONAL AIRLINE,PIA,PK-451,DOMESTIC,ISB-KDU,PAKISTAN,ISLAMABAD,ISLAMABAD INTERNATIONAL AIRPORT,ISB,PAKISTAN,SKARDU,SKARDU INTERNATIONAL AIRPORT,KDU,1 HOUR,
36,PAKISTAN INTERNATIONAL AIRLINE,PIA,PK-452,DOMESTIC,KDU-ISB,PAKISTAN,SKARDU,SKARDU INTERNATIONAL AIRPORT,KDU,PAKISTAN,ISLAMABAD,ISLAMABAD INTERNATIONAL AIRPORT,ISB,1 HOUR,
37,PAKISTAN INTERNATIONAL AIRLINE,PIA,PK-631,DOMESTIC,ISB-SKZ,PAKISTAN,ISLAMABAD,ISLAMABAD INTERNATIONAL AIRPORT,ISB,PAKISTAN,SUKKUR,SUKKUR AIRPORT,SKZ,2 HOUR 20 MINUTES,
38,PAKISTAN INTERNATIONAL AIRLINE,PIA,PK-632,DOMESTIC,SKZ-ISB,PAKISTAN,SUKKUR,SUKKUR AIRPORT,SKZ,PAKISTAN,ISLAMABAD,ISLAMABAD INTERNATIONAL AIRPORT,ISB,2 HOUR 20 MINUTES,
39,PAKISTAN INTERNATIONAL AIRLINE,PIA,PK-340,DOMESTIC,KHI-LYP,PAKISTAN,KARACHI,JINNAH INTERNATIONAL AIRPORT,KHI,PAKISTAN,FAISALABAD,FAISALABAD INTERNATIONAL AIRPORT,LYP,1 HOUR 45 MINUTES,
40,PAKISTAN INTERNATIONAL AIRLINE,PIA,PK-341,DOMESTIC,LYP-KHI,PAKISTAN,FAISALABAD,FAISALABAD INTERNATIONAL AIRPORT,LYP,PAKISTAN,KARACHI,JINNAH INTERNATIONAL AIRPORT,KHI,1 HOUR 45 MINUTES,
41,PAKISTAN INTERNATIONAL AIRLINE,PIA,PK-503,DOMESTIC,KHI-GWD,PAKISTAN,KARACHI,JINNAH INTERNATIONAL AIRPORT,KHI,PAKISTAN,GWADAR,GWADAR INTERNATIONAL AIRPORT ,GWD,1 HOUR 30 MINUTES,
42,PAKISTAN INTERNATIONAL AIRLINE,PIA,PK-504,DOMESTIC,GWD-KHI,PAKISTAN,GWADAR,GWADAR INTERNATIONAL AIRPORT ,GWD,PAKISTAN,KARACHI,JINNAH INTERNATIONAL AIRPORT,KHI,1 HOUR 30 MINUTES,
43,PAKISTAN INTERNATIONAL AIRLINE,PIA,PK-322,DOMESTIC,LHE-UET,PAKISTAN,LAHORE,ALLAMA IQBAL INTERNATIONAL AIRPORT,LHE,PAKISTAN,QUETTA,Quetta International Airport ,UET,1 HOUR 30 MINUTES,
44,PAKISTAN INTERNATIONAL AIRLINE,PIA,PK-323,DOMESTIC,UET-LHE,PAKISTAN,QUETTA,Quetta International Airport ,UET,PAKISTAN,LAHORE,ALLAMA IQBAL INTERNATIONAL AIRPORT,LHE,1 HOURS 20 MINUTES,
45,AIRSIAL,PF,PF-124,DOMESTIC,ISB-KHI,PAKISTAN,ISLAMABAD,ISLAMABAD INTERNATIONAL AIRPORT,ISB,PAKISTAN,KARACHI,JINNAH INTERNATIONAL AIRPORT,KHI,2 HOURS,
46,AIRSIAL,PF,PF-126,DOMESTIC,ISB-KHI,PAKISTAN,ISLAMABAD,ISLAMABAD INTERNATIONAL AIRPORT,ISB,PAKISTAN,KARACHI,JINNAH INTERNATIONAL AIRPORT,KHI,2 HOURS,
47,AIRSIAL,PF,PF-123,DOMESTIC,KHI-ISB,PAKISTAN,KARACHI,JINNAH INTERNATIONAL AIRPORT,KHI,PAKISTAN,ISLAMABAD,ISLAMABAD INTERNATIONAL AIRPORT,ISB,2 HOURS,
48,AIRSIAL,PF,PF-125,DOMESTIC,KHI-ISB,PAKISTAN,KARACHI,JINNAH INTERNATIONAL AIRPORT,KHI,PAKISTAN,ISLAMABAD,ISLAMABAD INTERNATIONAL AIRPORT,ISB,2 HOURS,
49,AIRSIAL,PF,PF-142,DOMESTIC,LHE-KHI,PAKISTAN,LAHORE,ALLAMA IQBAL INTERNATIONAL AIRPORT,LHE,PAKISTAN,KARACHI,JINNAH INTERNATIONAL AIRPORT,KHI,1 HOUR 45 MINUTES,
50,AIRSIAL,PF,PF-145,DOMESTIC,KHI-LHE,PAKISTAN,KARACHI,JINNAH INTERNATIONAL AIRPORT,KHI,PAKISTAN,LAHORE,ALLAMA IQBAL INTERNATIONAL AIRPORT,LHE,1 HOUR 45 MINUTES,
51,AIRSIAL,PF,PF-171,DOMESTIC,ISB-KDU,PAKISTAN,ISLAMABAD,ISLAMABAD INTERNATIONAL AIRPORT,ISB,PAKISTAN,SKARDU,SKARDU INTERNATIONAL AIRPORT,KDU,1 HOURS 10 MINUTES,
52,AIRSIAL,PF,PF-172,DOMESTIC,KDU-ISB,PAKISTAN,SKARDU,SKARDU INTERNATIONAL AIRPORT,KDU,PAKISTAN,ISLAMABAD,ISLAMABAD INTERNATIONAL AIRPORT,ISB,1 HOURS 15 MINUTES,
53,AIRSIAL,PF,PF-161,DOMESTIC,KHI-UET,PAKISTAN,KARACHI,JINNAH INTERNATIONAL AIRPORT,KHI,PAKISTAN,QUETTA,Quetta International Airport ,UET,1 HOURS 20 MINUTES,
54,AIRSIAL,PF,PF-162,DOMESTIC,UET-KHI,PAKISTAN,QUETTA,Quetta International Airport ,UET,PAKISTAN,KARACHI,JINNAH INTERNATIONAL AIRPORT,KHI,1 HOURS 20 MINUTES,
55,AIRSIAL,PF,PF-182,DOMESTIC,PEW-KHI,PAKISTAN,PESHAWAR,BACHA KHAN INTERNATIONAL AIRPORT,PEW,PAKISTAN,KARACHI,JINNAH INTERNATIONAL AIRPORT,KHI,1 HOURS 45 MINUTES,
56,AIRSIAL,PF,PF-181,DOMESTIC,KHI-PEW,PAKISTAN,KARACHI,JINNAH INTERNATIONAL AIRPORT,KHI,PAKISTAN,PESHAWAR,BACHA KHAN INTERNATIONAL AIRPORT,PEW,1 HOURS 50 MINUTES,
57,FLYJINNAH,9P,9P-671,DOMESTIC,ISB-KHI,PAKISTAN,ISLAMABAD,ISLAMABAD INTERNATIONAL AIRPORT,ISB,PAKISTAN,KARACHI,JINNAH INTERNATIONAL AIRPORT,KHI,2 HOURS 5 MINUTES,
58,FLYJINNAH,9P,9P-681,DOMESTIC,ISB-KHI,PAKISTAN,ISLAMABAD,ISLAMABAD INTERNATIONAL AIRPORT,ISB,PAKISTAN,KARACHI,JINNAH INTERNATIONAL AIRPORT,KHI,2 HOURS 5 MINUTES,
59,FLYJINNAH,9P,9P-673,DOMESTIC,ISB-KHI,PAKISTAN,ISLAMABAD,ISLAMABAD INTERNATIONAL AIRPORT,ISB,PAKISTAN,KARACHI,JINNAH INTERNATIONAL AIRPORT,KHI,2 HOURS 5 MINUTES,
60,FLYJINNAH,9P,9P-675,DOMESTIC,ISB-KHI,PAKISTAN,ISLAMABAD,ISLAMABAD INTERNATIONAL AIRPORT,ISB,PAKISTAN,KARACHI,JINNAH INTERNATIONAL AIRPORT,KHI,2 HOURS 5 MINUTES,
61,FLYJINNAH,9P,9P-679,DOMESTIC,ISB-KHI,PAKISTAN,ISLAMABAD,ISLAMABAD INTERNATIONAL AIRPORT,ISB,PAKISTAN,KARACHI,JINNAH INTERNATIONAL AIRPORT,KHI,2 HOURS 5 MINUTES,
62,FLYJINNAH,9P,9P-670,DOMESTIC,KHI-ISB,PAKISTAN,KARACHI,JINNAH INTERNATIONAL AIRPORT,KHI,PAKISTAN,ISLAMABAD,ISLAMABAD INTERNATIONAL AIRPORT,ISB,1 HOURS 55 MINUTES,
63,FLYJINNAH,9P,9P-680,DOMESTIC,KHI-ISB,PAKISTAN,KARACHI,JINNAH INTERNATIONAL AIRPORT,KHI,PAKISTAN,ISLAMABAD,ISLAMABAD INTERNATIONAL AIRPORT,ISB,1 HOURS 55 MINUTES,
64,FLYJINNAH,9P,9P-672,DOMESTIC,KHI-ISB,PAKISTAN,KARACHI,JINNAH INTERNATIONAL AIRPORT,KHI,PAKISTAN,ISLAMABAD,ISLAMABAD INTERNATIONAL AIRPORT,ISB,1 HOURS 55 MINUTES,
65,FLYJINNAH,9P,9P-678,DOMESTIC,KHI-ISB,PAKISTAN,KARACHI,JINNAH INTERNATIONAL AIRPORT,KHI,PAKISTAN,ISLAMABAD,ISLAMABAD INTERNATIONAL AIRPORT,ISB,1 HOURS 55 MINUTES,
66,FLYJINNAH,9P,9P-674,DOMESTIC,KHI-ISB,PAKISTAN,KARACHI,JINNAH INTERNATIONAL AIRPORT,KHI,PAKISTAN,ISLAMABAD,ISLAMABAD INTERNATIONAL AIRPORT,ISB,1 HOURS 55 MINUTES,
67,FLYJINNAH,9P,9P-841,DOMESTIC,LHE-KHI,PAKISTAN,LAHORE,ALLAMA IQBAL INTERNATIONAL AIRPORT,LHE,PAKISTAN,KARACHI,JINNAH INTERNATIONAL AIRPORT,KHI,2 HOURS,
68,FLYJINNAH,9P,9P-849,DOMESTIC,LHE-KHI,PAKISTAN,LAHORE,ALLAMA IQBAL INTERNATIONAL AIRPORT,LHE,PAKISTAN,KARACHI,JINNAH INTERNATIONAL AIRPORT,KHI,2 HOURS,
69,FLYJINNAH,9P,9P-843,DOMESTIC,LHE-KHI,PAKISTAN,LAHORE,ALLAMA IQBAL INTERNATIONAL AIRPORT,LHE,PAKISTAN,KARACHI,JINNAH INTERNATIONAL AIRPORT,KHI,2 HOURS,
70,FLYJINNAH,9P,9P-847,DOMESTIC,LHE-KHI,PAKISTAN,LAHORE,ALLAMA IQBAL INTERNATIONAL AIRPORT,LHE,PAKISTAN,KARACHI,JINNAH INTERNATIONAL AIRPORT,KHI,2 HOURS,
71,FLYJINNAH,9P,9P-846,DOMESTIC,KHI-LHE,PAKISTAN,KARACHI,JINNAH INTERNATIONAL AIRPORT,KHI,PAKISTAN,LAHORE,ALLAMA IQBAL INTERNATIONAL AIRPORT,LHE,1 HOURS 40 MINUTES,
72,FLYJINNAH,9P,9P-848,DOMESTIC,KHI-LHE,PAKISTAN,KARACHI,JINNAH INTERNATIONAL AIRPORT,KHI,PAKISTAN,LAHORE,ALLAMA IQBAL INTERNATIONAL AIRPORT,LHE,1 HOURS 40 MINUTES,
73,FLYJINNAH,9P,9P-840,DOMESTIC,KHI-LHE,PAKISTAN,KARACHI,JINNAH INTERNATIONAL AIRPORT,KHI,PAKISTAN,LAHORE,ALLAMA IQBAL INTERNATIONAL AIRPORT,LHE,1 HOURS 40 MINUTES,
74,FLYJINNAH,9P,9P-842,DOMESTIC,KHI-LHE,PAKISTAN,KARACHI,JINNAH INTERNATIONAL AIRPORT,KHI,PAKISTAN,LAHORE,ALLAMA IQBAL INTERNATIONAL AIRPORT,LHE,1 HOURS 40 MINUTES,
75,FLYJINNAH,9P,9P-865,DOMESTIC,PEW-KHI,PAKISTAN,PESHAWAR,BACHA KHAN INTERNATIONAL AIRPORT,PEW,PAKISTAN,KARACHI,JINNAH INTERNATIONAL AIRPORT,KHI,2 HOURS,
76,FLYJINNAH,9P,9P-865,DOMESTIC,KHI-PEW,PAKISTAN,KARACHI,JINNAH INTERNATIONAL AIRPORT,KHI,PAKISTAN,PESHAWAR,BACHA KHAN INTERNATIONAL AIRPORT,PEW,1 HOURS 55 MINUTES,
77,FLYJINNAH,9P,9P-851,DOMESTIC,KHI-UET,PAKISTAN,KARACHI,JINNAH INTERNATIONAL AIRPORT,KHI,PAKISTAN,QUETTA,Quetta International Airport ,UET,1 HOURS 25 MINUTES,
78,FLYJINNAH,9P,9P-852,DOMESTIC,UET-KHI,PAKISTAN,QUETTA,Quetta International Airport ,UET,PAKISTAN,KARACHI,JINNAH INTERNATIONAL AIRPORT,KHI,1 HOURS 25 MINUTES,
79,FLYJINNAH,9P,9P-811,DOMESTIC,LYP-KHI,PAKISTAN,FAISALABAD,FAISALABAD INTERNATIONAL AIRPORT,LYP,PAKISTAN,KARACHI,JINNAH INTERNATIONAL AIRPORT,KHI,1 HOURS 45 MINUTES,
80,FLYJINNAH,9P,9P-810,DOMESTIC,KHI-LYP,PAKISTAN,KARACHI,JINNAH INTERNATIONAL AIRPORT,KHI,PAKISTAN,FAISALABAD,FAISALABAD INTERNATIONAL AIRPORT,LYP, 1 HOURS 35 MINUTES,
81,FLYJINNAH,9P,9P-820,DOMESTIC,KHI-SKT,PAKISTAN,KARACHI,JINNAH INTERNATIONAL AIRPORT,KHI,PAKISTAN,SIALKOT,SIALKOT INTERNATIONAL AIRPORT,SKT,1 HOURS 45 MINUTES,
82,FLYJINNAH,9P,9P-821,DOMESTIC,SKT-KHI,PAKISTAN,SIALKOT,SIALKOT INTERNATIONAL AIRPORT,SKT,PAKISTAN,KARACHI,JINNAH INTERNATIONAL AIRPORT,KHI,2 HOURS,
83,FLYJINNAH,9P,9P-855,DOMESTIC,UET-LHE,PAKISTAN,QUETTA,Quetta International Airport ,UET,PAKISTAN,LAHORE,ALLAMA IQBAL INTERNATIONAL AIRPORT,LHE,1 HOURS 20 MINUTES,
84,FLYJINNAH,9P,9P-856,DOMESTIC,LHE-UET,PAKISTAN,LAHORE,ALLAMA IQBAL INTERNATIONAL AIRPORT,LHE,PAKISTAN,QUETTA,Quetta International Airport ,UET,1 HOURS 35 MINUTES,
85,FLYJINNAH,9P,9P-870,DOMESTIC,KHI-MUX,PAKISTAN,KARACHI,JINNAH INTERNATIONAL AIRPORT,KHI,PAKISTAN,MULTAN,MULTAN INTERNATIONAL AIRPORT,MUX,1 HOURS 25 MINUTES,
86,FLYJINNAH,9P,9P-871,DOMESTIC,MUX-KHI,PAKISTAN,MULTAN,MULTAN INTERNATIONAL AIRPORT,MUX,PAKISTAN,KARACHI,JINNAH INTERNATIONAL AIRPORT,KHI,1 HOURS 30 MINUTES,
87,SOUTH AIR,SQB,SQB-942,DOMESTIC,KHI-BHV,PAKISTAN,KARACHI,JINNAH INTERNATIONAL AIRPORT,KHI,PAKISTAN,BAHAWALPUR,BAHAWALPUR AIRPORT,BHV,1 HOURS 50 MINUTES,
88,SOUTH AIR,SQB,SQB-971,DOMESTIC,BHV-KHI,PAKISTAN,BAHAWALPUR,BAHAWALPUR AIRPORT,BHV,PAKISTAN,KARACHI,JINNAH INTERNATIONAL AIRPORT,KHI,1 HOURS 50 MINUTES,
89,SOUTH AIR,SQB,SQB-909,DOMESTIC,KHI-GWD,PAKISTAN,KARACHI,JINNAH INTERNATIONAL AIRPORT,KHI,PAKISTAN,GWADAR ,GWADAR INTERNATIONAL AIRPORT ,GWD,1 HOURS 30 MINUTES,
90,SOUTH AIR,SQB,SQB-910,DOMESTIC,GWD-KHI,PAKISTAN,GWADAR,GWADAR INTERNATIONAL AIRPORT ,GWD,PAKISTAN,KARACHI,JINNAH INTERNATIONAL AIRPORT,KHI,1 HOURS 30 MINUTES,
91,SOUTH AIR,SQB,SQB-930,DOMESTIC,KHI-SKZ,PAKISTAN,KARACHI,JINNAH INTERNATIONAL AIRPORT,KHI,PAKISTAN,SUKKUR,SUKKUR AIRPORT,SKZ,1 HOURS 15 MINUTES,
92,SOUTH AIR,SQB,SQB-933,DOMESTIC,SKZ-KHI,PAKISTAN,SUKKUR,SUKKUR AIRPORT,SKZ,PAKISTAN,KARACHI,JINNAH INTERNATIONAL AIRPORT,KHI,1 HOURS 15 MINUTES,
93,SOUTH AIR,SQB,SQB-911,DOMESTIC,KHI-TUK,PAKISTAN,KARACHI,JINNAH INTERNATIONAL AIRPORT,KHI,PAKISTAN,TURBAT,TURBAT INTERNATIONAL AIRPORT,TUK,1 HOURS 20 MINUTES,
94,SOUTH AIR,SQB,SQB-912,DOMESTIC,TUK-KHI,PAKISTAN,TURBAT,TURBAT INTERNATIONAL AIRPORT,TUK,PAKISTAN,KARACHI,JINNAH INTERNATIONAL AIRPORT,KHI,1 HOURS 20 MINUTES,
95,SOUTH AIR,SQB,SQB-940,DOMESTIC,KHI-RYK,PAKISTAN,KARACHI,JINNAH INTERNATIONAL AIRPORT,KHI,PAKISTAN,RAHIM YAR KHAN,SHAIKH ZAYED INTERNATIONAL AIRPORT,RYK,1 HOURS 25 MINUTES,
96,SOUTH AIR,SQB,SQB-943,DOMESTIC,RYK-KHI,PAKISTAN,RAHIM YAR KHAN,SHAIKH ZAYED INTERNATIONAL AIRPORT,RYK,PAKISTAN,KARACHI,JINNAH INTERNATIONAL AIRPORT,KHI,1 HOURS 25 MINUTES,
97,SOUTH AIR,SQB,SQB-922,DOMESTIC,ISB-MUX,PAKISTAN,ISLAMABAD,ISLAMABAD INTERNATIONAL AIRPORT,ISB,PAKISTAN,MULTAN,Multan International Airport,MUX,1 HOURS 45 MINUTES,
98,SOUTH AIR,SQB,SQB-921,DOMESTIC,MUX-ISB,PAKISTAN,MULTAN,Multan International Airport,MUX,PAKISTAN,ISLAMABAD,ISLAMABAD INTERNATIONAL AIRPORT,ISB,2 HOURS,
99,SOUTH AIR,SQB,SQB-945,DOMESTIC,ISB-SKZ,PAKISTAN,ISLAMABAD,ISLAMABAD INTERNATIONAL AIRPORT,ISB,PAKISTAN,SUKKUR,SUKKUR AIRPORT,SKZ,2 HOURS 15 MINUTES,
100,SOUTH AIR,SQB,SQB-944,DOMESTIC,SKZ-ISB,PAKISTAN,SUKKUR,SUKKUR AIRPORT,SKZ,PAKISTAN,ISLAMABAD,ISLAMABAD INTERNATIONAL AIRPORT,ISB,2 HOURS 10 MINUTES,
101,SOUTH AIR,SQB,SQB-970,DOMESTIC,ISB-BHV,PAKISTAN,ISLAMABAD,ISLAMABAD INTERNATIONAL AIRPORT,ISB,PAKISTAN,BAHAWALPUR,BAHAWALPUR AIRPORT,BHV,1 HOURS 40 MINUTES,
102,SOUTH AIR,SQB,SQB-942,DOMESTIC,BHV-ISB,PAKISTAN,BAHAWALPUR,BAHAWALPUR AIRPORT,BHV,PAKISTAN,ISLAMABAD,ISLAMABAD INTERNATIONAL AIRPORT,ISB,1 HOURS 40 MINUTES,
103,SOUTH AIR,SQB,SQB-972,DOMESTIC,ISB-RYK,PAKISTAN,ISLAMABAD,ISLAMABAD INTERNATIONAL AIRPORT,ISB,PAKISTAN,RAHIM YAR KHAN,SHAIKH ZAYED INTERNATIONAL AIRPORT,RYK,2 HOURS 15 MINUTES,
104,SOUTH AIR,SQB,SQB-940,DOMESTIC,RYK-ISB,PAKISTAN,RAHIM YAR KHAN,SHAIKH ZAYED INTERNATIONAL AIRPORT,RYK,PAKISTAN,ISLAMABAD,ISLAMABAD INTERNATIONAL AIRPORT,ISB,2 HOURS,
105,SOUTH AIR,SQB,SQB-910,DOMESTIC,UET-GWD,PAKISTAN,QUETTA,Quetta International Airport ,UET,PAKISTAN,GWADAR,GWADAR INTERNATIONAL AIRPORT ,GWD,2 HOURS,
106,SOUTH AIR,SQB,SQB-909,DOMESTIC,GWD-UET,PAKISTAN,GWADAR,GWADAR INTERNATIONAL AIRPORT ,GWD,PAKISTAN,QUETTA,Quetta International Airport ,UET,2 HOURS,
107,SOUTH AIR,SQB,SQB-926,DOMESTIC,PEW-UET,PAKISTAN,PESHAWAR,BACHA KHAN INTERNATIONAL AIRPORT,PEW,PAKISTAN,QUETTA,Quetta International Airport ,UET,1 HOURS 40 MINUTES,
108,EMIRATES,EK,EK-613,INTERNATIONAL,ISB-DXB,PAKISTAN,ISLAMABAD,ISLAMABAD INTERNATIONAL AIRPORT,ISB,UNITED ARAB EMIRATES,DUBAI,DUBAI INTERNATIONAL AIRPORT,DXB,3 HOURS 10 MINUTES,
109,EMIRATES,EK,EK-615,INTERNATIONAL,ISB-DXB,PAKISTAN,ISLAMABAD,ISLAMABAD INTERNATIONAL AIRPORT,ISB,UNITED ARAB EMIRATES,DUBAI,DUBAI INTERNATIONAL AIRPORT,DXB,3 HOURS 10 MINUTES,
110,EMIRATES,EK,EK-612,INTERNATIONAL,DXB-ISB,UNITED ARAB EMIRATES,DUBAI,DUBAI INTERNATIONAL AIRPORT,DXB,PAKISTAN,ISLAMABAD,ISLAMABAD INTERNATIONAL AIRPORT,ISB,3 HOURS 10 MINUTES,
111,EMIRATES,EK,EK-614,INTERNATIONAL,DXB-ISB,UNITED ARAB EMIRATES,DUBAI,DUBAI INTERNATIONAL AIRPORT,DXB,PAKISTAN,ISLAMABAD,ISLAMABAD INTERNATIONAL AIRPORT,ISB,3 HOURS 10 MINUTES,
112,EMIRATES,EK,EK-601,INTERNATIONAL,KHI-DXB,PAKISTAN,KARACHI,JINNAH INTERNATIONAL AIRPORT,KHI,UNITED ARAB EMIRATES,DUBAI,DUBAI INTERNATIONAL AIRPORT,DXB,2 HOURS 20 MINUTES,
113,EMIRATES,EK,EK-603,INTERNATIONAL,KHI-DXB,PAKISTAN,KARACHI,JINNAH INTERNATIONAL AIRPORT,KHI,UNITED ARAB EMIRATES,DUBAI,DUBAI INTERNATIONAL AIRPORT,DXB,2 HOURS 20 MINUTES,
114,EMIRATES,EK,EK-600,INTERNATIONAL,DXB-KHI,UNITED ARAB EMIRATES,DUBAI,DUBAI INTERNATIONAL AIRPORT,DXB,PAKISTAN,KARACHI,JINNAH INTERNATIONAL AIRPORT,KHI,1 HOURS 55 MINUTES,
115,EMIRATES,EK,EK-602,INTERNATIONAL,DXB-KHI,UNITED ARAB EMIRATES,DUBAI,DUBAI INTERNATIONAL AIRPORT,DXB,PAKISTAN,KARACHI,JINNAH INTERNATIONAL AIRPORT,KHI,1 HOURS 55 MINUTES,
116,EMIRATES,EK,EK-625,INTERNATIONAL,LHE-DXB,PAKISTAN,LAHORE,ALLAMA IQBAL INTERNATIONAL AIRPORT,LHE,UNITED ARAB EMIRATES,DUBAI,DUBAI INTERNATIONAL AIRPORT,DXB,3 HOURS 30 MINUTES,
117,EMIRATES,EK,EK-623,INTERNATIONAL,LHE-DXB,PAKISTAN,LAHORE,ALLAMA IQBAL INTERNATIONAL AIRPORT,LHE,UNITED ARAB EMIRATES,DUBAI,DUBAI INTERNATIONAL AIRPORT,DXB,3 HOURS 30 MINUTES,
118,EMIRATES,EK,EK-622,INTERNATIONAL,DXB-LHE,UNITED ARAB EMIRATES,DUBAI,DUBAI INTERNATIONAL AIRPORT,DXB,PAKISTAN,LAHORE,ALLAMA IQBAL INTERNATIONAL AIRPORT,LHE,2 HOURS 50 MINUTES,
119,EMIRATES,EK,EK-624,INTERNATIONAL,DXB-LHE,UNITED ARAB EMIRATES,DUBAI,DUBAI INTERNATIONAL AIRPORT,DXB,PAKISTAN,LAHORE,ALLAMA IQBAL INTERNATIONAL AIRPORT,LHE,2 HOURS 50 MINUTES,
120,EMIRATES,EK,EK-637,INTERNATIONAL,PEW-DXB,PAKISTAN,PESHAWAR,BACHA KHAN INTERNATIONAL AIRPORT,PEW,UNITED ARAB EMIRATES,DUBAI,DUBAI INTERNATIONAL AIRPORT,DXB,3 HOURS 30 MINUTES,
121,EMIRATES,EK,EK-636,INTERNATIONAL,DXB-PEW,UNITED ARAB EMIRATES,DUBAI,DUBAI INTERNATIONAL AIRPORT,DXB,PAKISTAN,PESHAWAR,BACHA KHAN INTERNATIONAL AIRPORT,PEW,3 HOURS 10 MINUTES,
122,EMIRATES,EK,EK-619,INTERNATIONAL,SKT-DXB,PAKISTAN,SIALKOT,SIALKOT INTERNATIONAL AIRPORT,SKT,UNITED ARAB EMIRATES,DUBAI,DUBAI INTERNATIONAL AIRPORT,DXB,3 HOURS 35 MINUTES,
123,EMIRATES,EK,EK-618,INTERNATIONAL,DXB-SKT,UNITED ARAB EMIRATES,DUBAI,DUBAI INTERNATIONAL AIRPORT,DXB,PAKISTAN,SIALKOT,SIALKOT INTERNATIONAL AIRPORT,SKT,3 HOURS 35 MINUTES,
124,FLYDUBAI,FZ,FZ-376,INTERNATIONAL,PEW-DXB,PAKISTAN,PESHAWAR,BACHA KHAN INTERNATIONAL AIRPORT,PEW,UNITED ARAB EMIRATES,DUBAI,DUBAI INTERNATIONAL AIRPORT,DXB,3 HOURS 15 MINUTES,
125,FLYDUBAI,FZ,FZ-375,INTERNATIONAL,DXB-PEW,UNITED ARAB EMIRATES,DUBAI,DUBAI INTERNATIONAL AIRPORT,DXB,PAKISTAN,PESHAWAR,BACHA KHAN INTERNATIONAL AIRPORT,PEW,3 HOURS 10 MINUTES,
126,FLYDUBAI,FZ,FZ-354,INTERNATIONAL,ISB-DXB,PAKISTAN,ISLAMABAD,ISLAMABAD INTERNATIONAL AIRPORT,ISB,UNITED ARAB EMIRATES,DUBAI,DUBAI INTERNATIONAL AIRPORT,DXB,3 HOURS 40 MINUTES,
127,FLYDUBAI,FZ,FZ-353,INTERNATIONAL,DXB-ISB,UNITED ARAB EMIRATES,DUBAI,DUBAI INTERNATIONAL AIRPORT,DXB,PAKISTAN,ISLAMABAD,ISLAMABAD INTERNATIONAL AIRPORT,ISB,3 HOURS 10 MINUTES,
128,FLYDUBAI,FZ,FZ-316,INTERNATIONAL,SKT-DXB,PAKISTAN,SIALKOT,SIALKOT INTERNATIONAL AIRPORT,SKT,UNITED ARAB EMIRATES,DUBAI,DUBAI INTERNATIONAL AIRPORT,DXB,3 HOURS 55 MINUTES,
129,FLYDUBAI,FZ,FZ-338,INTERNATIONAL,SKT-DXB,PAKISTAN,SIALKOT,SIALKOT INTERNATIONAL AIRPORT,SKT,UNITED ARAB EMIRATES,DUBAI,DUBAI INTERNATIONAL AIRPORT,DXB,3 HOURS 55 MINUTES,
130,FLYDUBAI,FZ,FZ-315,INTERNATIONAL,DXB-SKT,UNITED ARAB EMIRATES,DUBAI,DUBAI INTERNATIONAL AIRPORT,DXB,PAKISTAN,SIALKOT,SIALKOT INTERNATIONAL AIRPORT,SKT,3 HOURS 5 MINUTES,
131,FLYDUBAI,FZ,FZ-337,INTERNATIONAL,DXB-SKT,UNITED ARAB EMIRATES,DUBAI,DUBAI INTERNATIONAL AIRPORT,DXB,PAKISTAN,SIALKOT,SIALKOT INTERNATIONAL AIRPORT,SKT,3 HOURS 5 MINUTES,
132,FLYDUBAI,FZ,FZ-356,INTERNATIONAL,LYP-DXB,PAKISTAN,FAISALABAD,FAISALABAD INTERNATIONAL AIRPORT,LYP,UNITED ARAB EMIRATES,DUBAI,DUBAI INTERNATIONAL AIRPORT,DXB,3 HOURS 35 MINUTES,
133,FLYDUBAI,FZ,FZ-392,INTERNATIONAL,LYP-DXB,PAKISTAN,FAISALABAD,FAISALABAD INTERNATIONAL AIRPORT,LYP,UNITED ARAB EMIRATES,DUBAI,DUBAI INTERNATIONAL AIRPORT,DXB,3 HOURS 35 MINUTES,
134,FLYDUBAI,FZ,FZ-391,INTERNATIONAL,DXB-LYP,UNITED ARAB EMIRATES,DUBAI,DUBAI INTERNATIONAL AIRPORT,DXB,PAKISTAN,FAISALABAD,FAISALABAD INTERNATIONAL AIRPORT,LYP,2 HOURS 50 MINUTES,
135,FLYDUBAI,FZ,FZ-355,INTERNATIONAL,DXB-LYP,UNITED ARAB EMIRATES,DUBAI,DUBAI INTERNATIONAL AIRPORT,DXB,PAKISTAN,FAISALABAD,FAISALABAD INTERNATIONAL AIRPORT,LYP,2 HOURS 50 MINUTES,
136,FLYDUBAI,FZ,FZ-326,INTERNATIONAL,MUX-DXB,PAKISTAN,MULTAN,Multan International Airport,MUX,UNITED ARAB EMIRATES,DUBAI,DUBAI INTERNATIONAL AIRPORT,DXB,3 HOURS 20 MINUTES,
137,FLYDUBAI,FZ,FZ-340,INTERNATIONAL,MUX-DXB,PAKISTAN,MULTAN,Multan International Airport,MUX,UNITED ARAB EMIRATES,DUBAI,DUBAI INTERNATIONAL AIRPORT,DXB,3 HOURS 20 MINUTES,
138,FLYDUBAI,FZ,FZ-318,INTERNATIONAL,MUX-DXB,PAKISTAN,MULTAN,Multan International Airport,MUX,UNITED ARAB EMIRATES,DUBAI,DUBAI INTERNATIONAL AIRPORT,DXB,3 HOURS 20 MINUTES,
139,FLYDUBAI,FZ,FZ-317,INTERNATIONAL,DXB-MUX,UNITED ARAB EMIRATES,DUBAI,DUBAI INTERNATIONAL AIRPORT,DXB,PAKISTAN,MULTAN,Multan International Airport,MUX,2 HOURS 35 MINUTES,
140,FLYDUBAI,FZ,FZ-339,INTERNATIONAL,DXB-MUX,UNITED ARAB EMIRATES,DUBAI,DUBAI INTERNATIONAL AIRPORT,DXB,PAKISTAN,MULTAN,Multan International Airport,MUX,2 HOURS 35 MINUTES,
141,FLYDUBAI,FZ,FZ-325,INTERNATIONAL,DXB-MUX,UNITED ARAB EMIRATES,DUBAI,DUBAI INTERNATIONAL AIRPORT,DXB,PAKISTAN,MULTAN,Multan International Airport,MUX,2 HOURS 35 MINUTES,
142,FLYDUBAI,FZ,FZ-346,INTERNATIONAL,UET-DXB,PAKISTAN,QUETTA,Quetta International Airport ,UET,UNITED ARAB EMIRATES,DUBAI,DUBAI INTERNATIONAL AIRPORT,DXB,2 HOURS 45 MINUTES,
143,FLYDUBAI,FZ,FZ-345,INTERNATIONAL,DXB-UET,UNITED ARAB EMIRATES,DUBAI,DUBAI INTERNATIONAL AIRPORT,DXB,PAKISTAN,QUETTA,Quetta International Airport ,UET,2 HOURS 10 MINUTES,
144,FLYDUBAI,FZ,FZ-332,INTERNATIONAL,KHI-DXB,PAKISTAN,KARACHI,JINNAH INTERNATIONAL AIRPORT,KHI,UNITED ARAB EMIRATES,DUBAI,DUBAI INTERNATIONAL AIRPORT,DXB,2 HOURS 25 MINUTES,
145,FLYDUBAI,FZ,FZ-334,INTERNATIONAL,KHI-DXB,PAKISTAN,KARACHI,JINNAH INTERNATIONAL AIRPORT,KHI,UNITED ARAB EMIRATES,DUBAI,DUBAI INTERNATIONAL AIRPORT,DXB,2 HOURS 25 MINUTES,
146,FLYDUBAI,FZ,FZ-336,INTERNATIONAL,KHI-DXB,PAKISTAN,KARACHI,JINNAH INTERNATIONAL AIRPORT,KHI,UNITED ARAB EMIRATES,DUBAI,DUBAI INTERNATIONAL AIRPORT,DXB,2 HOURS 25 MINUTES,
147,FLYDUBAI,FZ,FZ-330,INTERNATIONAL,KHI-DXB,PAKISTAN,KARACHI,JINNAH INTERNATIONAL AIRPORT,KHI,UNITED ARAB EMIRATES,DUBAI,DUBAI INTERNATIONAL AIRPORT,DXB,2 HOURS 25 MINUTES,
148,FLYDUBAI,FZ,FZ-331,INTERNATIONAL,DXB-KHI,UNITED ARAB EMIRATES,DUBAI,DUBAI INTERNATIONAL AIRPORT,DXB,PAKISTAN,KARACHI,JINNAH INTERNATIONAL AIRPORT,KHI,2 HOURS,
149,FLYDUBAI,FZ,FZ-335,INTERNATIONAL,DXB-KHI,UNITED ARAB EMIRATES,DUBAI,DUBAI INTERNATIONAL AIRPORT,DXB,PAKISTAN,KARACHI,JINNAH INTERNATIONAL AIRPORT,KHI,2 HOURS,
150,FLYDUBAI,FZ,FZ-333,INTERNATIONAL,DXB-KHI,UNITED ARAB EMIRATES,DUBAI,DUBAI INTERNATIONAL AIRPORT,DXB,PAKISTAN,KARACHI,JINNAH INTERNATIONAL AIRPORT,KHI,2 HOURS,
151,FLYDUBAI,FZ,FZ-329,INTERNATIONAL,DXB-KHI,UNITED ARAB EMIRATES,DUBAI,DUBAI INTERNATIONAL AIRPORT,DXB,PAKISTAN,KARACHI,JINNAH INTERNATIONAL AIRPORT,KHI,2 HOURS,
152,FLYDUBAI,FZ,FZ-360,INTERNATIONAL,LHE-DXB,PAKISTAN,LAHORE,ALLAMA IQBAL INTERNATIONAL AIRPORT,LHE,UNITED ARAB EMIRATES,DUBAI,DUBAI INTERNATIONAL AIRPORT,DXB,3 HOURS 35 MINUTES,
153,FLYDUBAI,FZ,FZ-359,INTERNATIONAL,DXB-LHE,UNITED ARAB EMIRATES,DUBAI,DUBAI INTERNATIONAL AIRPORT,DXB,PAKISTAN,LAHORE,ALLAMA IQBAL INTERNATIONAL AIRPORT,LHE,3 HOURS 15 MINUTES,
154,AIR ARABIA,G9,G95555,INTERNATIONAL,PEW-SHJ,PAKISTAN,PESHAWAR,BACHA KHAN INTERNATIONAL AIRPORT,PEW,UNITED ARAB EMIRATES,SHARJAH,SHARJAH INTERNATIONAL AIRPORT,SHJ,3 HOURS,
155,AIR ARABIA,G9,G9556,INTERNATIONAL,SHJ-PEW,UNITED ARAB EMIRATES,SHARJAH,SHARJAH INTERNATIONAL AIRPORT,SHJ,PAKISTAN,PESHAWAR,BACHA KHAN INTERNATIONAL AIRPORT,PEW,2 HOURS 55 MINUTES,
156,AIR ARABIA,G9,G9869,INTERNATIONAL,ISB-RKT,PAKISTAN,ISLAMABAD,ISLAMABAD INTERNATIONAL AIRPORT,ISB,UNITED ARAB EMIRATES,Ras Al Khaimah,Ras Al Khaimah International Airport,RKT,3 HOURS 5 MINUTES,
157,AIR ARABIA,G9,G9868,INTERNATIONAL,RKT-ISB,UNITED ARAB EMIRATES,RAS AL KHAIMAH,Ras AL KHAIMAH INTERNATIONAL AIRPORT,RKT,PAKISTAN,ISLAMABAD,ISLAMABAD INTERNATIONAL AIRPORT,ISB,2 HOURS 50 MINUTES,
158,AIR ARABIA,G9,G9549,INTERNATIONAL,KHI-SHJ,PAKISTAN,KARACHI,JINNAH INTERNATIONAL AIRPORT,KHI,UNITED ARAB EMIRATES,SHARJAH,SHARJAH INTERNATIONAL AIRPORT,SHJ,1 HOURS 55 MINUTES,
159,AIR ARABIA,G9,G9543,INTERNATIONAL,KHI-SHJ,PAKISTAN,KARACHI,JINNAH INTERNATIONAL AIRPORT,KHI,UNITED ARAB EMIRATES,SHARJAH,SHARJAH INTERNATIONAL AIRPORT,SHJ,1 HOURS 55 MINUTES,
160,AIR ARABIA,G9,G9547,INTERNATIONAL,KHI-SHJ,PAKISTAN,KARACHI,JINNAH INTERNATIONAL AIRPORT,KHI,UNITED ARAB EMIRATES,SHARJAH,SHARJAH INTERNATIONAL AIRPORT,SHJ,1 HOURS 55 MINUTES,
161,AIR ARABIA,G9,G9542,INTERNATIONAL,SHJ-KHI,UNITED ARAB EMIRATES,SHARJAH,SHARJAH INTERNATIONAL AIRPORT,SHJ,PAKISTAN,KARACHI,JINNAH INTERNATIONAL AIRPORT,KHI,2 HOURS 5 MINUTES,
162,AIR ARABIA,G9,G9546,INTERNATIONAL,SHJ-KHI,UNITED ARAB EMIRATES,SHARJAH,SHARJAH INTERNATIONAL AIRPORT,SHJ,PAKISTAN,KARACHI,JINNAH INTERNATIONAL AIRPORT,KHI,2 HOURS 5 MINUTES,
163,AIR ARABIA,G9,G9548,INTERNATIONAL,SHJ-KHI,UNITED ARAB EMIRATES,SHARJAH,SHARJAH INTERNATIONAL AIRPORT,SHJ,PAKISTAN,KARACHI,JINNAH INTERNATIONAL AIRPORT,KHI,2 HOURS 5 MINUTES,
164,AIR ARABIA,G9,G9553,INTERNATIONAL,SKT-SHJ,PAKISTAN,SIALKOT,SIALKOT INTERNATIONAL AIRPORT,SKT,UNITED ARAB EMIRATES,SHARJAH,SHARJAH INTERNATIONAL AIRPORT,SHJ,3 HOURS 15 MINUTES,
165,AIR ARABIA,G9,G9553,INTERNATIONAL,SHJ-SKT,UNITED ARAB EMIRATES,SHARJAH,SHARJAH INTERNATIONAL AIRPORT,SHJ,PAKISTAN,SIALKOT,SIALKOT INTERNATIONAL AIRPORT,SKT,3 HOURS 5 MINUTES,
166,AIR ARABIA,G9,G9559,INTERNATIONAL,MUX-SHJ,PAKISTAN,MULTAN,MULTAN INTERNATIONAL AIRPORT,MUX,UNITED ARAB EMIRATES,SHARJAH,SHARJAH INTERNATIONAL AIRPORT,SHJ,3 HOURS,
167,AIR ARABIA,G9,G9558,INTERNATIONAL,SHJ-MUX,UNITED ARAB EMIRATES,SHARJAH,SHARJAH INTERNATIONAL AIRPORT,SHJ,PAKISTAN,MULTAN,MULTAN INTERNATIONAL AIRPORT,MUX,2 HOURS 40 MINUTES,
168,AIR ARABIA,G9,G9568,INTERNATIONAL,UET-SHJ,PAKISTAN,QUETTA,Quetta International Airport ,UET,UNITED ARAB EMIRATES,SHARJAH,SHARJAH INTERNATIONAL AIRPORT,SHJ,2 HOURS 20 MINUTES,
169,AIR ARABIA,G9,G9567,INTERNATIONAL,SHJ-UET,UNITED ARAB EMIRATES,SHARJAH,SHARJAH INTERNATIONAL AIRPORT,SHJ,PAKISTAN,QUETTA,Quetta International Airport ,UET,2 HOURS 10 MINUTES,
170,AIR ARABIA,G9,G9865,INTERNATIONAL,PEW-RKT,PAKISTAN,PESHAWAR,BACHA KHAN INTERNATIONAL AIRPORT,PEW,UNITED ARAB EMIRATES,Ras Al Khaimah,Ras Al Khaimah International Airport,RKT,2 HOURS 55 MINUTES,
171,AIR ARABIA,G9,G9864,INTERNATIONAL,RKT-PEW,UNITED ARAB EMIRATES,RAS AL KHAIMAH, Ras Al Khaimah International Airport,RKT,PAKISTAN,PESHAWAR,BACHA KHAN INTERNATIONAL AIRPORT,PEW,2 HOURS 50 MINUTES,
172,AIR ARABIA,G9,G9869,INTERNATIONAL,ISB-RKT,PAKISTAN,ISLAMABAD,ISLAMABAD INTERNATIONAL AIRPORT,ISB,UNITED ARAB EMIRATES,Ras Al Khaimah,Ras Al Khaimah International Airport,RKT,3 HOURS 5 MINUTES,
173,AIR ARABIA,G9,G9868,INTERNATIONAL,RKT-ISB,UNITED ARAB EMIRATES,RAS AL KHAIMAH,Ras AL KHAIMAH INTERNATIONAL AIRPORT,RKT,PAKISTAN,ISLAMABAD,ISLAMABAD INTERNATIONAL AIRPORT,ISB,2 HOURS 50 MINUTES,
174,AIR ARABIA,G9,G9855,INTERNATIONAL,LHE-RKT,PAKISTAN,LAHORE,ALLAMA IQBAL INTERNATIONAL AIRPORT,LHE,UNITED ARAB EMIRATES,Ras Al Khaimah,Ras Al Khaimah International Airport,RKT,3 HOURS ,
175,AIR ARABIA,G9,G9854,INTERNATIONAL,RKT-LHE,UNITED ARAB EMIRATES,RAS AL KHAIMAH,Ras AL KHAIMAH INTERNATIONAL AIRPORT,RKT,PAKISTAN,LAHORE,ALLAMA IQBAL INTERNATIONAL AIRPORT,LHE,3 HOURS ,
176,AIR ARABIA,G9,3L336,INTERNATIONAL,MUX-AUH,PAKISTAN,MULTAN,Multan International Airport,MUX,UNITED ARAB EMIRATES,ABU DHABI,ZAYED INTERNATIONAL AIRPORT,AUH,3 HOURS ,
177,AIR ARABIA,G9,3L335,INTERNATIONAL,AUH-MUX,UNITED ARAB EMIRATES,ABU DHABI,ZAYED INTERNATIONAL AIRPORT,AUH,PAKISTAN,MULTAN,Multan International Airport,MUX,3 HOURS ,
178,AIR ARABIA,G9,3L312,INTERNATIONAL,SKT-AUH,PAKISTAN,SIALKOT,SIALKOT INTERNATIONAL AIRPORT,SKT,UNITED ARAB EMIRATES,ABU DHABI,ZAYED INTERNATIONAL AIRPORT,AUH,3 HOURS 30 MINUTES,
179,AIR ARABIA,G9,3L311,INTERNATIONAL,AUH-SKT,UNITED ARAB EMIRATES,ABU DHABI,ZAYED INTERNATIONAL AIRPORT,AUH,PAKISTAN,SIALKOT,SIALKOT INTERNATIONAL AIRPORT,SKT,3 HOURS 25 MINUTES,
180,AIR ARABIA,G9,3L316,INTERNATIONAL,LYP-AUH,PAKISTAN,FAISALABAD,FAISALABAD INTERNATIONAL AIRPORT,LYP,UNITED ARAB EMIRATES,ABU DHABI,ZAYED INTERNATIONAL AIRPORT,AUH,3 HOURS 15 MINUTES,
181,AIR ARABIA,G9,3L315,INTERNATIONAL,AUH-LYP,UNITED ARAB EMIRATES,ABU DHABI,ZAYED INTERNATIONAL AIRPORT,AUH,PAKISTAN,FAISALABAD,FAISALABAD INTERNATIONAL AIRPORT,LYP,3 HOURS 10 MINUTES,
182,AIR ARABIA,G9,G9563,INTERNATIONAL,LYP-SHJ,PAKISTAN,FAISALABAD,FAISALABAD INTERNATIONAL AIRPORT,LYP,UNITED ARAB EMIRATES,SHARJAH,SHARJAH INTERNATIONAL AIRPORT,SHJ,3 HOURS,
183,AIR ARABIA,G9,GP562,INTERNATIONAL,SHJ-LYP,UNITED ARAB EMIRATES,SHARJAH,SHARJAH INTERNATIONAL AIRPORT,SHJ,PAKISTAN,FAISALABAD,FAISALABAD INTERNATIONAL AIRPORT,LYP,3 HOURS,
184,FLYJINNAH,9P,9P744,INTERNATIONAL,ISB-SHJ,PAKISTAN,ISLAMABAD,ISLAMABAD INTERNATIONAL AIRPORT,ISB,UNITED ARAB EMIRATES,SHARJAH,SHARJAH INTERNATIONAL AIRPORT,SHJ,3 HOURS 15 MINUTES,
185,FLYJINNAH,9P,9P740,INTERNATIONAL,ISB-SHJ,PAKISTAN,ISLAMABAD,ISLAMABAD INTERNATIONAL AIRPORT,ISB,UNITED ARAB EMIRATES,SHARJAH,SHARJAH INTERNATIONAL AIRPORT,SHJ,3 HOURS 15 MINUTES,
186,FLYJINNAH,9P,9P745,INTERNATIONAL,SHJ-ISB,UNITED ARAB EMIRATES,SHARJAH,SHARJAH INTERNATIONAL AIRPORT,SHJ,PAKISTAN,ISLAMABAD,ISLAMABAD INTERNATIONAL AIRPORT,ISB,3 HOURS 5 MINUTES,
187,FLYJINNAH,9P,9P741,INTERNATIONAL,SHJ-ISB,UNITED ARAB EMIRATES,SHARJAH,SHARJAH INTERNATIONAL AIRPORT,SHJ,PAKISTAN,ISLAMABAD,ISLAMABAD INTERNATIONAL AIRPORT,ISB,3 HOURS 5 MINUTES,
188,FLYJINNAH,9P,9P500,INTERNATIONAL,LHE-SHJ,PAKISTAN,LAHORE,ALLAMA IQBAL INTERNATIONAL AIRPORT,LHE,UNITED ARAB EMIRATES,SHARJAH,SHARJAH INTERNATIONAL AIRPORT,SHJ,3 HOURS 15 MINUTES,
189,FLYJINNAH,9P,9P502,INTERNATIONAL,LHE-SHJ,PAKISTAN,LAHORE,ALLAMA IQBAL INTERNATIONAL AIRPORT,LHE,UNITED ARAB EMIRATES,SHARJAH,SHARJAH INTERNATIONAL AIRPORT,SHJ,3 HOURS 15 MINUTES,
190,FLYJINNAH,9P,9P501,INTERNATIONAL,SHJ-LHE,UNITED ARAB EMIRATES,SHARJAH,SHARJAH INTERNATIONAL AIRPORT,SHJ,PAKISTAN,LAHORE,ALLAMA IQBAL INTERNATIONAL AIRPORT,LHE,3 HOURS,
191,FLYJINNAH,9P,9P503,INTERNATIONAL,SHJ-LHE,UNITED ARAB EMIRATES,SHARJAH,SHARJAH INTERNATIONAL AIRPORT,SHJ,PAKISTAN,LAHORE,ALLAMA IQBAL INTERNATIONAL AIRPORT,LHE,3 HOURS,
192,FLYJINNAH,9P,9P514,INTERNATIONAL,LHE-DXB,PAKISTAN,LAHORE,ALLAMA IQBAL INTERNATIONAL AIRPORT,LHE,UNITED ARAB EMIRATES,DUBAI,DUBAI INTERNATIONAL AIRPORT,DXB,3 HOURS 25 MINUTES,
193,FLYJINNAH,9P,9P512,INTERNATIONAL,LHE-DXB,PAKISTAN,LAHORE,ALLAMA IQBAL INTERNATIONAL AIRPORT,LHE,UNITED ARAB EMIRATES,DUBAI,DUBAI INTERNATIONAL AIRPORT,DXB,3 HOURS 25 MINUTES,
194,FLYJINNAH,9P,9P515,INTERNATIONAL,DXB-LHE,UNITED ARAB EMIRATES,DUBAI,DUBAI INTERNATIONAL AIRPORT,DXB,PAKISTAN,LAHORE,ALLAMA IQBAL INTERNATIONAL AIRPORT,LHE,3 HOURS 10 MINUTES,
195,FLYJINNAH,9P,9P513,INTERNATIONAL,DXB-LHE,UNITED ARAB EMIRATES,DUBAI,DUBAI INTERNATIONAL AIRPORT,DXB,PAKISTAN,LAHORE,ALLAMA IQBAL INTERNATIONAL AIRPORT,LHE,3 HOURS 10 MINUTES,
196,FLYJINNAH,9P,9P700,INTERNATIONAL,ISB-JED,PAKISTAN,ISLAMABAD,ISLAMABAD INTERNATIONAL AIRPORT,ISB,SAUDI ARABIA,JEDDAH,KING ABDUL AZIZ INTERNATIONAL AIRPORT,JED,5 HOURS 25 MINUTES,
197,FLYJINNAH,9P,9P701,INTERNATIONAL,JED-ISB,SAUDI ARABIA,JEDDAH,KING ABDUL AZIZ INTERNATIONAL AIRPORT,JED,PAKISTAN,ISLAMABAD,ISLAMABAD INTERNATIONAL AIRPORT,ISB,5 HOURS,
198,FLYJINNAH,9P,9P780,INTERNATIONAL,ISB-RUH,PAKISTAN,ISLAMABAD,ISLAMABAD INTERNATIONAL AIRPORT,ISB,SAUDI ARABIA,RIYADH,KING KHALID INTERNATIONAL AIRPORT,RUH,4 HOURS 20 MINUTES,
199,FLYJINNAH,9P,9P781,INTERNATIONAL,RUH-ISB,SAUDI ARABIA,RIYADH,KING KHALID INTERNATIONAL AIRPORT,RUH,PAKISTAN,ISLAMABAD,ISLAMABAD INTERNATIONAL AIRPORT,ISB,4 HOURS 15 MINUTES,
200,FLYJINNAH,9P,9P710,INTERNATIONAL,ISB-DMM,PAKISTAN,ISLAMABAD,ISLAMABAD INTERNATIONAL AIRPORT,ISB,SAUDI ARABIA,DAMMAM,KING FAHAD INTERNATIONAL AIRPORT,DMM,3 HOURS 55 MINUTES,
201,FLYJINNAH,9P,9P711,INTERNATIONAL,DMM-ISB,SAUDI ARABIA,DAMMAM,KING FAHAD INTERNATIONAL AIRPORT,DMM,PAKISTAN,ISLAMABAD,ISLAMABAD INTERNATIONAL AIRPORT,ISB,3 HOURS 30 MINUTES,
202,FLYJINNAH,9P,9P586,INTERNATIONAL,LHE-JED,PAKISTAN,LAHORE,ALLAMA IQBAL INTERNATIONAL AIRPORT,LHE,SAUDI ARABIA,JEDDAH,KING ABDUL AZIZ INTERNATIONAL AIRPORT,JED,5 HOURS 25 MINUTES,
203,FLYJINNAH,9P,9P587,INTERNATIONAL,JED-LHE,SAUDI ARABIA,JEDDAH,KING ABDUL AZIZ INTERNATIONAL AIRPORT,JED,PAKISTAN,LAHORE,ALLAMA IQBAL INTERNATIONAL AIRPORT,LHE,5 HOURS 15 MINUTES,
204,FLYJINNAH,9P,9P570,INTERNATIONAL,LHE-DMM,PAKISTAN,LAHORE,ALLAMA IQBAL INTERNATIONAL AIRPORT,LHE,SAUDI ARABIA,DAMMAM,KING FAHAD INTERNATIONAL AIRPORT,DMM,3 HOURS 55 MINUTES,
205,FLYJINNAH,9P,9P571,INTERNATIONAL,DMM-LHE,SAUDI ARABIA,DAMMAM,KING FAHAD INTERNATIONAL AIRPORT,DMM,PAKISTAN,LAHORE,ALLAMA IQBAL INTERNATIONAL AIRPORT,LHE,3 HOURS 40 MINUTES,
206,FLYJINNAH,9P,9P580,INTERNATIONAL,LHE-RUH,PAKISTAN,LAHORE,ALLAMA IQBAL INTERNATIONAL AIRPORT,LHE,SAUDI ARABIA,RIYADH,KING KHALID INTERNATIONAL AIRPORT,RUH,4 HOURS 20 MINUTES,
207,FLYJINNAH,9P,9P581,INTERNATIONAL,RUH-LHE,SAUDI ARABIA,RIYADH,KING KHALID INTERNATIONAL AIRPORT,RUH,PAKISTAN,LAHORE,ALLAMA IQBAL INTERNATIONAL AIRPORT,LHE,4 HOURS 10 MINUTES,
208,FLYJINNAH,9P,9P600,INTERNATIONAL,KHI-JED,PAKISTAN,KARACHI,JINNAH INTERNATIONAL AIRPORT,KHI,SAUDI ARABIA,JEDDAH,KING ABDUL AZIZ INTERNATIONAL AIRPORT,JED,4 HOURS 15 MINUTES,
209,FLYJINNAH,9P,9P601,INTERNATIONAL,JED-KHI,SAUDI ARABIA,JEDDAH,KING ABDUL AZIZ INTERNATIONAL AIRPORT,JED,PAKISTAN,KARACHI,JINNAH INTERNATIONAL AIRPORT,KHI,4 HOURS 10 MINUTES,
210,FLYJINNAH,9P,9P630,INTERNATIONAL,KHI-DMM,PAKISTAN,KARACHI,JINNAH INTERNATIONAL AIRPORT,KHI,SAUDI ARABIA,DAMMAM,KING FAHAD INTERNATIONAL AIRPORT,DMM,2 HOURS 55 MINUTES,
211,FLYJINNAH,9P,9P631,INTERNATIONAL,DMM-KHI,SAUDI ARABIA,DAMMAM,KING FAHAD INTERNATIONAL AIRPORT,JED,PAKISTAN,KARACHI,JINNAH INTERNATIONAL AIRPORT,KHI,2 HOURS 40 MINUTES,
212,FLYJINNAH,9P,9P610,INTERNATIONAL,KHI-RUH,PAKISTAN,KARACHI,JINNAH INTERNATIONAL AIRPORT,KHI,SAUDI ARABIA,DAMMAM,KING FAHAD INTERNATIONAL AIRPORT,RUH,3 HOURS 15 MINUTES,
213,FLYJINNAH,9P,9P613,INTERNATIONAL,RUH-KHI,SAUDI ARABIA,RIYADH,KING KHALID INTERNATIONAL AIRPORT,KHI,PAKISTAN,RIYADH,KING KHALID INTERNATIONAL AIRPORT,RUH,3 HOURS ,
214,FLYJINNAH,9P,9P764,INTERNATIONAL,ISB-BAH,PAKISTAN,ISLAMABAD,ISLAMABAD INTERNATIONAL AIRPORT,ISB,BAHRAIN,BAHRAN,BAHRAIN INTERNATIONAL AIRPORT,BAH,3 HOURS 40 MINUTES,
215,FLYJINNAH,9P,9P765,INTERNATIONAL,BAH-ISB,BAHRAIN,BAHRAIN,BAHRAIN INTERNATIONAL AIRPORT,BAH,PAKISTAN,ISLAMABAD,ISLAMABAD INTERNATIONAL AIRPORT,ISB,3 HOURS 35 MINUTES,
216,FLYJINNAH,9P,9P530,INTERNATIONAL,LHE-BAH,PAKISTAN,LAHORE,ALLAMA IQBAL INTERNATIONAL AIRPORT,LHE,BAHRAIN,BAHRAN,BAHRAIN INTERNATIONAL AIRPORT,BAH,3 HOURS 45 MINUTES,
217,FLYJINNAH,9P,9P531,INTERNATIONAL,BAH-LHE,BAHRAIN,BAHRAIN,BAHRAIN INTERNATIONAL AIRPORT,BAH,PAKISTAN,LAHORE,ALLAMA IQBAL INTERNATIONAL AIRPORT,LHE,3 HOURS 35 MINUTES,
218,ETIHAD AIRWAYS,EY,EY-277,INTERNATIONAL,PEW-AUH,PAKISTAN,PESHAWAR,BACHA KHAN INTERNATIONAL AIRPORT,PEW,UNITED ARAB EMIRATES,ABU DHABI,ZAYED INTERNATIONAL AIRPORT,AUH,3 HOURS 10 MINUTES,
219,ETIHAD AIRWAYS,EY,EY-276,INTERNATIONAL,AUH-PEW,UNITED ARAB EMIRATES,ABU DHABI,ZAYED INTERNATIONAL AIRPORT,AUH,PAKISTAN,PESHAWAR,BACHA KHAN INTERNATIONAL AIRPORT,PEW,3 HOURS 5 MINUTES,
220,ETIHAD AIRWAYS,EY,EY-303,INTERNATIONAL,ISB-AUH,PAKISTAN,ISLAMABAD,ISLAMABAD INTERNATIONAL AIRPORT,ISB,UNITED ARAB EMIRATES,ABU DHABI,ZAYED INTERNATIONAL AIRPORT,AUH,3 HOURS 20 MINUTES,
221,ETIHAD AIRWAYS,EY,EY-301,INTERNATIONAL,ISB-AUH,PAKISTAN,ISLAMABAD,ISLAMABAD INTERNATIONAL AIRPORT,ISB,UNITED ARAB EMIRATES,ABU DHABI,ZAYED INTERNATIONAL AIRPORT,AUH,3 HOURS 20 MINUTES,
222,ETIHAD AIRWAYS,EY,EY-300,INTERNATIONAL,AUH-ISB,UNITED ARAB EMIRATES,ABU DHABI,ZAYED INTERNATIONAL AIRPORT,AUH,PAKISTAN,ISLAMABAD,ISLAMABAD INTERNATIONAL AIRPORT,ISB,3 HOURS 10 MINUTES,
223,ETIHAD AIRWAYS,EY,EY-302,INTERNATIONAL,AUH-ISB,UNITED ARAB EMIRATES,ABU DHABI,ZAYED INTERNATIONAL AIRPORT,AUH,PAKISTAN,ISLAMABAD,ISLAMABAD INTERNATIONAL AIRPORT,ISB,3 HOURS 10 MINUTES,
224,ETIHAD AIRWAYS,EY,EY-285,INTERNATIONAL,LHE-AUH,PAKISTAN,LAHORE,ALLAMA IQBAL INTERNATIONAL AIRPORT,LHE,UNITED ARAB EMIRATES,ABU DHABI,ZAYED INTERNATIONAL AIRPORT,AUH,3 HOURS 20 MINUTES,
225,ETIHAD AIRWAYS,EY,EY-289,INTERNATIONAL,LHE-AUH,PAKISTAN,LAHORE,ALLAMA IQBAL INTERNATIONAL AIRPORT,LHE,UNITED ARAB EMIRATES,ABU DHABI,ZAYED INTERNATIONAL AIRPORT,AUH,3 HOURS 20 MINUTES,
226,ETIHAD AIRWAYS,EY,EY-288,INTERNATIONAL,AUH-LHE,UNITED ARAB EMIRATES,ABU DHABI,ZAYED INTERNATIONAL AIRPORT,AUH,PAKISTAN,LAHORE,ALLAMA IQBAL INTERNATIONAL AIRPORT,LHE,3 HOURS 15 MINUTES,
227,ETIHAD AIRWAYS,EY,EY-284,INTERNATIONAL,AUH-LHE,UNITED ARAB EMIRATES,ABU DHABI,ZAYED INTERNATIONAL AIRPORT,AUH,PAKISTAN,LAHORE,ALLAMA IQBAL INTERNATIONAL AIRPORT,LHE,3 HOURS 15 MINUTES,
228,ETIHAD AIRWAYS,EY,EY-297,INTERNATIONAL,KHI-AUH,PAKISTAN,KARACHI,JINNAH INTERNATIONAL AIRPORT,KHI,UNITED ARAB EMIRATES,ABU DHABI,ZAYED INTERNATIONAL AIRPORT,AUH,2 HOURS 10 MINUTES,
229,ETIHAD AIRWAYS,EY,EY-299,INTERNATIONAL,KHI-AUH,PAKISTAN,KARACHI,JINNAH INTERNATIONAL AIRPORT,KHI,UNITED ARAB EMIRATES,ABU DHABI,ZAYED INTERNATIONAL AIRPORT,AUH,2 HOURS 10 MINUTES,
230,ETIHAD AIRWAYS,EY,EY-293,INTERNATIONAL,KHI-AUH,PAKISTAN,KARACHI,JINNAH INTERNATIONAL AIRPORT,KHI,UNITED ARAB EMIRATES,ABU DHABI,ZAYED INTERNATIONAL AIRPORT,AUH,2 HOURS 10 MINUTES,
231,ETIHAD AIRWAYS,EY,EY-295,INTERNATIONAL,KHI-AUH,PAKISTAN,KARACHI,JINNAH INTERNATIONAL AIRPORT,KHI,UNITED ARAB EMIRATES,ABU DHABI,ZAYED INTERNATIONAL AIRPORT,AUH,2 HOURS 10 MINUTES,
232,ETIHAD AIRWAYS,EY,EY-298,INTERNATIONAL,AUH-KHI,UNITED ARAB EMIRATES,ABU DHABI,ZAYED INTERNATIONAL AIRPORT,AUH,PAKISTAN,KARACHI,JINNAH INTERNATIONAL AIRPORT,KHI,2 HOURS 20 MINUTES,
233,ETIHAD AIRWAYS,EY,EY292,INTERNATIONAL,AUH-KHI,UNITED ARAB EMIRATES,ABU DHABI,ZAYED INTERNATIONAL AIRPORT,AUH,PAKISTAN,KARACHI,JINNAH INTERNATIONAL AIRPORT,KHI,2 HOURS 20 MINUTES,
234,ETIHAD AIRWAYS,EY,EY-296,INTERNATIONAL,AUH-KHI,UNITED ARAB EMIRATES,ABU DHABI,ZAYED INTERNATIONAL AIRPORT,AUH,PAKISTAN,KARACHI,JINNAH INTERNATIONAL AIRPORT,KHI,2 HOURS 20 MINUTES,
235,ETIHAD AIRWAYS,EY,EY-294,INTERNATIONAL,AUH-KHI,UNITED ARAB EMIRATES,ABU DHABI,ZAYED INTERNATIONAL AIRPORT,AUH,PAKISTAN,KARACHI,JINNAH INTERNATIONAL AIRPORT,KHI,2 HOURS 20 MINUTES,
236,GULF AIR,GF,GF-771,INTERNATIONAL,ISB-BAH,PAKISTAN,ISLAMABAD,ISLAMABAD INTERNATIONAL AIRPORT,ISB,BAHRAIN,BAHRAN,BAHRAIN INTERNATIONAL AIRPORT,BAH,3 HOURS 45 MINUTES,
237,GULF AIR,GF,GF-770,INTERNATIONAL,BAH-ISB,BAHRAIN,BAHRAIN,BAHRAIN INTERNATIONAL AIRPORT,BAH,PAKISTAN,ISLAMABAD,ISLAMABAD INTERNATIONAL AIRPORT,ISB,3 HOURS 30 MINUTES,
238,GULF AIR,GF,GF-765,INTERNATIONAL,LHE-BAH,PAKISTAN,LAHORE,ALLAMA IQBAL INTERNATIONAL AIRPORT,LHE,BAHRAIN,BAHRAN,BAHRAIN INTERNATIONAL AIRPORT,BAH,3 HOURS 30 MINUTES,
239,GULF AIR,GF,GF-764,INTERNATIONAL,BAH-LHE,BAHRAIN,BAHRAIN,BAHRAIN INTERNATIONAL AIRPORT,BAH,PAKISTAN,LAHORE,ALLAMA IQBAL INTERNATIONAL AIRPORT,LHE,3 HOURS 35 MINUTES,
240,GULF AIR,GF,GF-751,INTERNATIONAL,KHI-BAH,PAKISTAN,KARACHI,JINNAH INTERNATIONAL AIRPORT,KHI,BAHRAIN,BAHRAN,BAHRAIN INTERNATIONAL AIRPORT,BAH,2 HOURS 45 MINUTES,
241,GULF AIR,GF,GF752,INTERNATIONAL,BAH-LKHI,BAHRAIN,BAHRAIN,BAHRAIN INTERNATIONAL AIRPORT,BAH,PAKISTAN,KARACHI,JINNAH INTERNATIONAL AIRPORT,KHI,2 HOURS 45 MINUTES,
242,SALAM AIR,OV,OV-598,INTERNATIONAL,PEW-MCT,PAKISTAN,PESHAWAR,BACHA KHAN INTERNATIONAL AIRPORT,PEW,OMAN,MUSCAT,MUSCAT INTERNATIONAL AIRPORT,MCT,2 HOURS 50 MINUTES,
243,SALAM AIR,OV,OV-597,INTERNATIONAL,MCT-PEW,OMAN,MUSCAT,MUSCAT INTERNATIONAL AIRPORT,MCT,PAKISTAN,PESHAWAR,BACHA KHAN INTERNATIONAL AIRPORT,PEW,2 HOURS 35 MINUTES,
244,SALAM AIR,OV,OV-514,INTERNATIONAL,KHI-MCT,PAKISTAN,KARACHI,JINNAH INTERNATIONAL AIRPORT,KHI,OMAN,MUSCAT,MUSCAT INTERNATIONAL AIRPORT,MCT,1 HOURS 50 MINUTES,
245,SALAM AIR,OV,OV-513,INTERNATIONAL,MCT-KHI,OMAN,MUSCAT,MUSCAT INTERNATIONAL AIRPORT,MCT,PAKISTAN,KARACHI,JINNAH INTERNATIONAL AIRPORT,KHI,1 HOURS 40 MINUTES,
246,SALAM AIR,OV,OV-564,INTERNATIONAL,ISB-MCT,PAKISTAN,ISLAMABAD,ISLAMABAD INTERNATIONAL AIRPORT,ISB,OMAN,MUSCAT,MUSCAT INTERNATIONAL AIRPORT,MCT,3 HOURS 15 MINUTES,
247,SALAM AIR,OV,OV-563,INTERNATIONAL,MCT-ISB,OMAN,MUSCAT,MUSCAT INTERNATIONAL AIRPORT,MCT,PAKISTAN,ISLAMABAD,ISLAMABAD INTERNATIONAL AIRPORT,ISB,2 HOURS 45 MINUTES,
248,SALAM AIR,OV,OV-522,INTERNATIONAL,LHE-MCT,PAKISTAN,LAHORE,ALLAMA IQBAL INTERNATIONAL AIRPORT,LHE,OMAN,MUSCAT,MUSCAT INTERNATIONAL AIRPORT,MCT,3 HOURS 15 MINUTES,
249,SALAM AIR,OV,OV-521,INTERNATIONAL,MCT-LHE,OMAN,MUSCAT,MUSCAT INTERNATIONAL AIRPORT,MCT,PAKISTAN,LAHORE,ALLAMA IQBAL INTERNATIONAL AIRPORT,LHE,2 HOURS 40 MINUTES,
250,SALAM AIR,OV,OV-538,INTERNATIONAL,MUX-MCT,PAKISTAN,MULTAN,MULTAN INTERNATIONAL AIRPORT,MUX,OMAN,MUSCAT,MUSCAT INTERNATIONAL AIRPORT,MCT,2 HOURS 45 MINUTES,
251,SALAM AIR,OV,OV-537,INTERNATIONAL,MCT-MUX,OMAN,MUSCAT,MUSCAT INTERNATIONAL AIRPORT,MCT,PAKISTAN,MULTAN,MULTAN INTERNATIONAL AIRPORT,MUX,2 HOURS 20 MINUTES,
252,SALAM AIR,OV,OV-506,INTERNATIONAL,SKT-MCT,PAKISTAN,SIALKOT,SIALKOT INTERNATIONAL AIRPORT,SKT,OMAN,MUSCAT,MUSCAT INTERNATIONAL AIRPORT,MCT,3 HOURS 10 MINUTES,
253,SALAM AIR,OV,OV-508,INTERNATIONAL,SKT-MCT,PAKISTAN,SIALKOT,SIALKOT INTERNATIONAL AIRPORT,SKT,OMAN,MUSCAT,MUSCAT INTERNATIONAL AIRPORT,MCT,3 HOURS 10 MINUTES,
254,SALAM AIR,OV,OV-507,INTERNATIONAL,MCT-SKT,OMAN,MUSCAT,MUSCAT INTERNATIONAL AIRPORT,MCT,PAKISTAN,SIALKOT,SIALKOT INTERNATIONAL AIRPORT,SKT,2 HOURS 45 MINUTES,
255,SALAM AIR,OV,OV-507,INTERNATIONAL,MCT-SKT,OMAN,MUSCAT,MUSCAT INTERNATIONAL AIRPORT,MCT,PAKISTAN,SIALKOT,SIALKOT INTERNATIONAL AIRPORT,SKT,2 HOURS 45 MINUTES,
256,JAZEERA AIRWAYS,J9,J9-512,INTERNATIONAL,ISB-KWI,PAKISTAN,ISLAMABAD,ISLAMABAD INTERNATIONAL AIRPORT,ISB,KUWAIT,KUWIAT,KUWAIT INTERNATIONAL AIRPORT,KWI,5 HOURS 30 MINUTES,
257,JAZEERA AIRWAYS,J9,J9-511,INTERNATIONAL,KWI-ISB,KUWAIT,KUWAIT,KUWAIT INTERNATIONAL AIRPORT,KWI,PAKISTAN,ISLAMABAD,ISLAMABAD INTERNATIONAL AIRPORT,ISB,5 HOURS,
258,JAZEERA AIRWAYS,J9,J9-502,INTERNATIONAL,LHE-KWI,PAKISTAN,LAHORE,ALLAMA IQBAL INTERNATIONAL AIRPORT,LHE,KUWAIT,KUWIAT,KUWAIT INTERNATIONAL AIRPORT,KWI,5 HOURS 30 MINUTES,
259,JAZEERA AIRWAYS,J9,J9-501,INTERNATIONAL,KWI-LHE,KUWAIT,KUWAIT,KUWAIT INTERNATIONAL AIRPORT,KWI,PAKISTAN,LAHORE,ALLAMA IQBAL INTERNATIONAL AIRPORT,LHE,5 HOURS,
260,JAZEERA AIRWAYS,J9,J9-508,INTERNATIONAL,KHI-KWI,PAKISTAN,KARACHI,JINNAH INTERNATIONAL AIRPORT,KHI,KUWAIT,KUWIAT,KUWAIT INTERNATIONAL AIRPORT,KWI,4 HOURS 15 MINUTES,
261,JAZEERA AIRWAYS,J9,J9-507,INTERNATIONAL,KWI-KHI,KUWAIT,KUWAIT,KUWAIT INTERNATIONAL AIRPORT,KWI,PAKISTAN,KARACHI,JINNAH INTERNATIONAL AIRPORT,KHI,3 HOURS 55 MINUTES,
262,KUWAIT AIRWAYS,KU,KU-202,INTERNATIONAL,LHE-KWI,PAKISTAN,LAHORE,ALLAMA IQBAL INTERNATIONAL AIRPORT,LHE,KUWIAT,KUWAIT,KUWAIT INTERNATIONAL AIRPORT,KWI,4 HOURS 35 MINUTES,
263,KUWAIT AIRWAYS,KU,KU-201,INTERNATIONAL,KWI-LHE,KUWAIT,KUWAIT,KUWAIT INTERNATIONAL AIRPORT,KWI,PAKSITAN,LAHORE,ALLAMA IQBAL INTERNATIONAL AIRPORT,LHE,3 HOURS 55 MINUTES,
264,KUWAIT AIRWAYS,KU,KU-206,INTERNATIONAL,ISB-KWI,PAKISTAN,ISLAMABAD,ISLAMABAD INTERNATIONAL AIRPORT,ISB,KUWAIT,KUWAIT,KUWAIT INTERNATIONAL AIRPORT,KWI,4 HOURS 15 MINUTES,
265,KUWAIT AIRWAYS,KU,KU-205,INTERNATIONAL,KWI-ISB,KUWAIT,KUWAIT,KUWAIT INTERNATIONAL AIRPORT,KWI,PAKISTAN,ISLAMABAD,ISLAMABAD INTERNATIONAL AIRPORT,ISB,3 HOURS 40 MINUTES,
266,SAUDI AIRLINES,SV,SV-723,INTERNATIONAL,ISB-JED,PAKISTAN,ISLAMABAD,ISLAMABAD INTERNATIONAL AIRPORT,ISB,SAUDI ARABIA,JEDDAH,KING ABDUL AZIZ INTERNATIONAL AIRPORT,JED,5 HOUR 50 MINUTES,
267,SAUDI AIRLINES,SV,SV-727,INTERNATIONAL,ISB-JED,PAKISTAN,ISLAMABAD,ISLAMABAD INTERNATIONAL AIRPORT,ISB,SAUDI ARABIA,JEDDAH,KING ABDUL AZIZ INTERNATIONAL AIRPORT,JED,5 HOUR 50 MINUTES,
268,SAUDI AIRLINES,SV,SV-729,INTERNATIONAL,ISB-JED,PAKISTAN,ISLAMABAD,ISLAMABAD INTERNATIONAL AIRPORT,ISB,SAUDI ARABIA,JEDDAH,KING ABDUL AZIZ INTERNATIONAL AIRPORT,JED,5 HOUR 50 MINUTES,
269,SAUDI AIRLINES,SV,SV-728,INTERNATIONAL,JED-ISB,SAUDI ARABIA,JEDDAH,KING ABDUL AZIZ INTERNATIONAL AIRPORT,JED,PAKISTAN,ISLAMABAD,ISLAMABAD INTERNATIONAL AIRPORT,ISB,4 HOURS 50 MINUTES,
270,SAUDI AIRLINES,SV,SV-726,INTERNATIONAL,JED-ISB,SAUDI ARABIA,JEDDAH,KING ABDUL AZIZ INTERNATIONAL AIRPORT,JED,PAKISTAN,ISLAMABAD,ISLAMABAD INTERNATIONAL AIRPORT,ISB,4 HOUR 50 MINUTES,
271,SAUDI AIRLINES,SV,SV-722,INTERNATIONAL,JED-ISB,SAUDI ARABIA,JEDDAH,KING ABDUL AZIZ INTERNATIONAL AIRPORT,JED,PAKISTAN,ISLAMABAD,ISLAMABAD INTERNATIONAL AIRPORT,ISB,4 HOUR 50 MINUTES,
272,SAUDI AIRLINES,SV,SV-725,INTERNATIONAL,ISB-RUH,PAKISTAN,ISLAMABAD,ISLAMABAD INTERNATIONAL AIRPORT,ISB,SAUDI ARABIA,RIYADH,KING KHALID INTERNATIONAL AIRPORT,RUH,4 HOUR 40 MINUTES,
273,SAUDI AIRLINES,SV,SV731,INTERNATIONAL,ISB-RUH,PAKISTAN,ISLAMABAD,ISLAMABAD INTERNATIONAL AIRPORT,ISB,SAUDI ARABIA,RIYADH,KING KHALID INTERNATIONAL AIRPORT,RUH,4 HOUR 40 MINUTES,
274,SAUDI AIRLINES,SV,SV-730,INTERNATIONAL,RUH-ISB,SAUDI ARABIA,RIYADH,KING KHALID INTERNATIONAL AIRPORT,RUH,PAKISTAN,ISLAMABAD,ISLAMABAD INTERNATIONAL AIRPORT,ISB,3 HOURS 55 MINUTES,
275,SAUDI AIRLINES,SV,SV-724,INTERNATIONAL,RUH-ISB,SAUDI ARABIA,RIYADH,KING KHALID INTERNATIONAL AIRPORT,RUH,PAKISTAN,ISLAMABAD,ISLAMABAD INTERNATIONAL AIRPORT,ISB,3 HOURS 55 MINUTES,
276,SAUDI AIRLINES,SV,SV-797,INTERNATIONAL,PEW-JED,PAKISTAN,PESHAWAR,BACHA KHAN INTERNATIONAL AIRPORT,PEW,SAUDI ARABIA,JEDDAH,KING ABDUL AZIZ INTERNATIONAL AIRPORT,JED,5 HOUR 55 MINUTES,
277,SAUDI AIRLINES,SV,SV-796,INTERNATIONAL,JED-PEW,SAUDI ARABIA,JEDDAH,KING ABDUL AZIZ INTERNATIONAL AIRPORT,JED,PAKISTAN,PESHAWAR,BACHA KHAN INTERNATIONAL AIRPORT,PEW,4 HOUR 45 MINUTES,
278,SAUDI AIRLINES,SV,SV-793,INTERNATIONAL,PEW-RUH,PAKISTAN,PESHAWAR,BACHA KHAN INTERNATIONAL AIRPORT,PEW,SAUDI ARABIA,RIYADH,KING KHALID INTERNATIONAL AIRPORT,RUH,4 HOUR 55 MINUTES,
279,SAUDI AIRLINES,SV,SV-792,INTERNATIONAL,RUH-PEW,SAUDI ARABIA,RIYADH,KING KHALID INTERNATIONAL AIRPORT,RUH,PAKISTAN,PESHAWAR,BACHA KHAN INTERNATIONAL AIRPORT,PEW,4 HOURS 4 MINUTES,
280,SAUDI AIRLINES,SV,SV-737,INTERNATIONAL,LHE-RUH,PAKISTAN,LAHORE,ALLAMA IQBAL INTERNATIONAL AIRPORT,LHE,SAUDI ARABIA,RIYADH,KING KHALID INTERNATIONAL AIRPORT,RUH,4 HOURS 25 MINUTES,
281,SAUDI AIRLINES,SV,SV-736,INTERNATIONAL,RUH-LHE,SAUDI ARABIA,RIYADH,KING KHALID INTERNATIONAL AIRPORT,RUH,PAKISTAN,LAHORE,ALLAMA IQBAL INTERNATIONAL AIRPORT,LHE,3 HOUR 50 MINUTES,
282,SAUDI AIRLINES,SV,SV-735,INTERNATIONAL,LHE-JED,PAKISTAN,LAHORE,ALLAMA IQBAL INTERNATIONAL AIRPORT,LHE,SAUDI ARABIA,JEDDAH,KING ABDUL AZIZ INTERNATIONAL AIRPORT,JED,5 HOURS 40 MINUTES,
283,SAUDI AIRLINES,SV,SV-739,INTERNATIONAL,LHE-JED,PAKISTAN,LAHORE,ALLAMA IQBAL INTERNATIONAL AIRPORT,LHE,SAUDI ARABIA,JEDDAH,KING ABDUL AZIZ INTERNATIONAL AIRPORT,JED,5 HOURS 40 MINUTES,
284,SAUDI AIRLINES,SV,SV-738,INTERNATIONAL,JED-LHE,SAUDI ARABIA,JEDDAH,KING ABDUL AZIZ INTERNATIONAL AIRPORT,JED,PAKISTAN,LAHORE,ALLAMA IQBAL INTERNATIONAL AIRPORT,LHE,4 HOURS 40 MINUTES,
285,SAUDI AIRLINES,SV,SV-734,INTERNATIONAL,JED-LHE,SAUDI ARABIA,JEDDAH,KING ABDUL AZIZ INTERNATIONAL AIRPORT,JED,PAKISTAN,LAHORE,ALLAMA IQBAL INTERNATIONAL AIRPORT,LHE,4 HOURS 40 MINUTES,
286,SAUDI AIRLINES,SV,SV-705,INTERNATIONAL,KHI-JED,PAKISTAN,KARACHI,JINNAH INTERNATIONAL AIRPORT,KHI,SAUDI ARABIA,JEDDAH,KING ABDUL AZIZ INTERNATIONAL AIRPORT,JED,4 HOURS 25 MINUTES,
287,SAUDI AIRLINES,SV,SV-701,INTERNATIONAL,KHI-JED,PAKISTAN,KARACHI,JINNAH INTERNATIONAL AIRPORT,KHI,SAUDI ARABIA,JEDDAH,KING ABDUL AZIZ INTERNATIONAL AIRPORT,JED,4 HOURS 25 MINUTES,
288,SAUDI AIRLINES,SV,SV-700,INTERNATIONAL,JED-KHI,SAUDI ARABIA,JEDDAH,KING ABDUL AZIZ INTERNATIONAL AIRPORT,JED,PAKISTAN,KARACHI,JINNAH INTERNATIONAL AIRPORT,KHI,3 HOURS 45 MINUTES,
289,SAUDI AIRLINES,SV,SV-704,INTERNATIONAL,JED-KHI,SAUDI ARABIA,JEDDAH,KING ABDUL AZIZ INTERNATIONAL AIRPORT,JED,PAKISTAN,KARACHI,JINNAH INTERNATIONAL AIRPORT,KHI,3 HOURS 45 MINUTES,
290,SAUDI AIRLINES,SV,SV-709,INTERNATIONAL,KHI-RUH,PAKISTAN,KARACHI,JINNAH INTERNATIONAL AIRPORT,KHI,SAUDI ARABIA,RIYADH,KING KHALID INTERNATIONAL AIRPORT,RUH,3 HOURS 20 MINUTES,
291,SAUDI AIRLINES,SV,SV-708,INTERNATIONAL,RUH-KHI,SAUDI ARABIA,RIYADH,KING KHALID INTERNATIONAL AIRPORT,RUH,PAKISTAN,KARACHI,JINNAH INTERNATIONAL AIRPORT,KHI,3 HOURS 15 MINUTES,
292,SAUDI AIRLINES,SV,SV-801,INTERNATIONAL,MUX-JED,PAKISTAN,MULTAN,MULTAN INTERNATIONAL AIRPORT,MUX,SAUDI ARABIA,JEDDAH,KING ABDUL AZIZ INTERNATIONAL AIRPORT,JED,4 HOURS 45 MINUTES,
293,SAUDI AIRLINES,SV,SV-800,INTERNATIONAL,JED-MUX,SAUDI ARABIA,JEDDAH,KING ABDUL AZIZ INTERNATIONAL AIRPORT,JED,PAKISTAN,MULTAN,MULTAN INTERNATIONAL AIRPORT,MUX,4 HOURS 35 MINUTES,
294,SAUDI AIRLINES,SV,SV-4044,INTERNATIONAL,SKT-RUH,PAKISTAN,SIALKOT,SIALKOT INTERNATIONAL AIRPORT,SKT,SAUDI ARABIA,RIYADH,KING KHALID INTERNATIONAL AIRPORT,RUH,5 HOURS 10 MINUTES,
295,SAUDI AIRLINES,SV,SV-4043,INTERNATIONAL,RUH-SKT,SAUDI ARABIA,RIYADH,KING KHALID INTERNATIONAL AIRPORT,RUH,PAKISTAN,SIALKOT,SIALKOT INTERNATIONAL AIRPORT,SKT,4 HOURS 5 MINUTES,
296,FLYNAS,XY,XY-316,INTERNATIONAL,ISB-RUH,PAKISTAN,ISLAMABAD,ISLAMABAD INTERNATIONAL AIRPORT,ISB,SAUDI ARABIA,RIYADH,KING KHALID INTERNATIONAL AIRPORT,RUH,4 HOURS 50 MINUTES,
297,FLYNAS,XY,XY-315,INTERNATIONAL,RUH-ISB,SAUDI ARABIA,RIYADH,KING KHALID INTERNATIONAL AIRPORT,RUH,PAKISTAN,ISLAMABAD,ISLAMABAD INTERNATIONAL AIRPORT,ISB,3 HOURS 50 MINUTES,
298,FLYNAS,XY,XY-884,INTERNATIONAL,LHE-DMM,PAKISTAN,LAHORE,ALLAMA IQBAL INTERNATIONAL AIRPORT,LHE,SAUDI ARABIA,DAMMAM,KING FAHAD INTERNATIONAL AIRPORT,DMM,4 HOURS 30 MINUTES,
299,FLYNAS,XY,XY-883,INTERNATIONAL,DMM-LHE,SAUDI ARABIA,DAMMAM,KING FAHAD INTERNATIONAL AIRPORT,DMM,PAKISTAN,LAHORE,ALLAMA IQBAL INTERNATIONAL AIRPORT,LHE,3 HOURS 30 MINUTES,
300,FLYNAS,XY,XY-318,INTERNATIONAL,LHE-RUH,PAKISTAN,LAHORE,ALLAMA IQBAL INTERNATIONAL AIRPORT,LHE,SAUDI ARABIA,RIYADH,KING KHALID INTERNATIONAL AIRPORT,RUH,5 HOURS  ,
301,FLYNAS,XY,XY-317,INTERNATIONAL,RUH-LHE,SAUDI ARABIA,RIYADH,KING KHALID INTERNATIONAL AIRPORT,RUH,PAKISTAN,LAHORE,ALLAMA IQBAL INTERNATIONAL AIRPORT,LHE,3 HOURS 50 MINUTES,
302,FLYNAS,XY,XY-314,INTERNATIONAL,KHI-RUH,PAKISTAN,KARACHI,JINNAH INTERNATIONAL AIRPORT,KHI,SAUDI ARABIA,RIYADH,KING KHALID INTERNATIONAL AIRPORT,RUH,3 HOURS 45 MINUTES,
303,FLYNAS,XY,XY-313,INTERNATIONAL,RUH-KHI,SAUDI ARABIA,RIYADH,KING KHALID INTERNATIONAL AIRPORT,RUH,PAKISTAN,KARACHI,JINNAH INTERNATIONAL AIRPORT,KHI,3 HOURS 10 MINUTES,
304,FLYNAS,XY,XY-806,INTERNATIONAL,KHI-MED,PAKISTAN,KARACHI,JINNAH INTERNATIONAL AIRPORT,KHI,SAUDI ARABIA,MEDINAH,PRINCE MUHAMMAD BIN ABDULAZIZ INTERNATIONAL AIRPORT,MED,4 HOURS 45 MINUTES,
305,FLYNAS,XY,XY-805,INTERNATIONAL,MED-KHI,SAUDI ARABIA,MEDINAH,PRINCE MUHAMMAD BIN ABDULAZIZ INTERNATIONAL AIRPORT,MED,PAKISTAN,KARACHI,JINNAH INTERNATIONAL AIRPORT,KHI,3 HOURS 45 MINUTES,
306,FLYNAS,XY,XY-638,INTERNATIONAL,KHI-JED,PAKISTAN,KARACHI,JINNAH INTERNATIONAL AIRPORT,KHI,SAUDI ARABIA,JEDDAH,KING ABDUL AZIZ INTERNATIONAL AIRPORT,JED,4 HOURS 45 MINUTES,
307,FLYNAS,XY,XY-637,INTERNATIONAL,JED-KHI,SAUDI ARABIA,JEDDAH,KING ABDUL AZIZ INTERNATIONAL AIRPORT,JED,PAKISTAN,KARACHI,JINNAH INTERNATIONAL AIRPORT,KHI,3 HOURS 55 MINUTES,
308,FLYNAS,XY,XY-901,INTERNATIONAL,KHI-DMM,PAKISTAN,KARACHI,JINNAH INTERNATIONAL AIRPORT,KHI,SAUDI ARABIA,DAMMAM,KING FAHAD INTERNATIONAL AIRPORT,DMM,4 HOURS 20 MINUTES,
309,FLYNAS,XY,XY-900,INTERNATIONAL,DMM-KHI,SAUDI ARABIA,DAMMAM,KING FAHAD INTERNATIONAL AIRPORT,DMM,PAKISTAN,KARACHI,JINNAH INTERNATIONAL AIRPORT,KHI,3 HOURS 35 MINUTES,
310,FLYADEAL,F3,F3-658,INTERNATIONAL,PEW-RUH,PAKISTAN,PESHAWAR,BACHA KHAN INTERNATIONAL AIRPORT,PEW,SAUDI ARABIA,RIYADH,KING KHALID INTERNATIONAL AIRPORT,RUH,5 HOURS,
311,FLYADEAL,F3,F3-657,INTERNATIONAL,RUH-PEW,SAUDI ARABIA,RIYADH,KING KHALID INTERNATIONAL AIRPORT,RUH,PAKISTAN,PESHAWAR,BACHA KHAN INTERNATIONAL AIRPORT,PEW,4 HOURS 15 MINUTES,
312,FLYADEAL,F3,F3-654,INTERNATIONAL,SKT-RUH,PAKISTAN,SIALKOT,SIALKOT INTERNATIONAL AIRPORT,SKT,SAUDI ARABIA,RIYADH,KING KHALID INTERNATIONAL AIRPORT,RUH,5 HOURS,
313,FLYADEAL,F3,F3-653,INTERNATIONAL,RUH-SKT,SAUDI ARABIA,RIYADH,KING KHALID INTERNATIONAL AIRPORT,RUH,PAKISTAN,SIALKOT,SIALKOT INTERNATIONAL AIRPORT,SKT,4 HOURS 35 MINUTES,
314,FLYADEAL,F3,F3-656,INTERNATIONAL,LHE-RUH,PAKISTAN,LAHORE,ALLAMA IQBAL INTERNATIONAL AIRPORT,LHE,SAUDI ARABIA,RIYADH,KING KHALID INTERNATIONAL AIRPORT,RUH,4 HOURS 40 MINUTES,
315,FLYADEAL,F3,F3-655,INTERNATIONAL,RUH-LHE,SAUDI ARABIA,RIYADH,KING KHALID INTERNATIONAL AIRPORT,RUH,PAKISTAN,LAHORE,ALLAMA IQBAL INTERNATIONAL AIRPORT,LHE,4 HOURS 35 MINUTES,
316,FLYADEAL,F3,F3-830,INTERNATIONAL,KHI-JED,PAKISTAN,KARACHI,JINNAH INTERNATIONAL AIRPORT,KHI,SAUDI ARABIA,JEDDAH,KING ABDUL AZIZ INTERNATIONAL AIRPORT,JED,4 HOURS 5 MINUTES,
317,FLYADEAL,F3,F3-829,INTERNATIONAL,JED-KHI,SAUDI ARABIA,JEDDAH,KING ABDUL AZIZ INTERNATIONAL AIRPORT,JED,PAKISTAN,KARACHI,JINNAH INTERNATIONAL AIRPORT,KHI,4 HOURS 15 MINUTES,
318,FLYADEAL,F3,F3-652,INTERNATIONAL,ISB-RUH,PAKISTAN,ISLAMABAD,ISLAMABAD INTERNATIONAL AIRPORT,ISB,SAUDI ARABIA,RIYADH,KING KHALID INTERNATIONAL AIRPORT,RUH,4 HOURS 35 MINUTES,
319,FLYADEAL,F3,F3-651,INTERNATIONAL,RUH-ISB,SAUDI ARABIA,RIYADH,KING KHALID INTERNATIONAL AIRPORT,RUH,PAKISTAN,ISLAMABAD,ISLAMABAD INTERNATIONAL AIRPORT,ISB,4 HOURS 25 MINUTES,
320,RIYADH AIR,RX,RX-662,INTERNATIONAL,ISB-RUH,PAKISTAN,ISLAMABAD,ISLAMABAD INTERNATIONAL AIRPORT,ISB,SAUDI ARABIA,RIYADH,KING KHALID INTERNATIONAL AIRPORT,RUH,4 HOURS 30 MINUTES,
321,RIYADH AIR,RX,RX-660,INTERNATIONAL,RUH-ISB,SAUDI ARABIA,RIYADH,KING KHALID INTERNATIONAL AIRPORT,RUH,PAKISTAN,ISLAMABAD,ISLAMABAD INTERNATIONAL AIRPORT,ISB,4 HOURS 30 MINUTES,
322,RIYADH AIR,RX,RX-676,INTERNATIONAL,LHE-RUH,PAKISTAN,LAHORE,ALLAMA IQBAL INTERNATIONAL AIRPORT,LHE,SAUDI ARABIA,RIYADH,KING KHALID INTERNATIONAL AIRPORT,RUH,4 HOURS 40 MINUTES,
323,RIYADH AIR,RX,RX-677,INTERNATIONAL,RUH-LHE,SAUDI ARABIA,RIYADH,KING KHALID INTERNATIONAL AIRPORT,RUH,PAKISTAN,LAHORE,ALLAMA IQBAL INTERNATIONAL AIRPORT,LHE,3 HOURS 55 MINUTES,
324,QATAR AIRWAYS,QR,QR-615,INTERNATIONAL,ISB-DOH,PAKISTAN,ISLAMABAD,ISLAMABAD INTERNATIONAL AIRPORT,ISB,QATAR,DOHA,HAMAD INTERNATIONAL AIRPORT,DOH,3 HOURS 30 MINUTES,
325,QATAR AIRWAYS,QR,QR-633,INTERNATIONAL,ISB-DOH,PAKISTAN,ISLAMABAD,ISLAMABAD INTERNATIONAL AIRPORT,ISB,QATAR,DOHA,HAMAD INTERNATIONAL AIRPORT,DOH,3 HOURS 30 MINUTES,
326,QATAR AIRWAYS,QR,QR-614,INTERNATIONAL,DOH-ISB,QATAR,DOHA,HAMAD INTERNATIONAL AIRPORT,DOH,PAKISTAN,ISLAMABAD,ISLAMABAD INTERNATIONAL AIRPORT,ISB,3 HOURS 30 MINUTES,
327,QATAR AIRWAYS,QR,QR-632,INTERNATIONAL,DOH-ISB,QATAR,DOHA,HAMAD INTERNATIONAL AIRPORT,DOH,PAKISTAN,ISLAMABAD,ISLAMABAD INTERNATIONAL AIRPORT,ISB,3 HOURS 30 MINUTES,
328,QATAR AIRWAYS,QR,QR-601,INTERNATIONAL,PEW-DOH,PAKISTAN,PESHAWAR,BACHA KHAN INTERNATIONAL AIRPORT,PEW,QATAR,DOHA,HAMAD INTERNATIONAL AIRPORT,DOH,3 HOURS 40 MINUTES,
329,QATAR AIRWAYS,QR,QR-600,INTERNATIONAL,DOH-PEW,QATAR,DOHA,HAMAD INTERNATIONAL AIRPORT,DOH,PAKISTAN,PESHAWAR,BACHA KHAN INTERNATIONAL AIRPORT,PEW,3 HOURS 35 MINUTES,
330,QATAR AIRWAYS,QR,QR-629,INTERNATIONAL,LHE-DOH,PAKISTAN,LAHORE,ALLAMA IQBAL INTERNATIONAL AIRPORT,LHE,QATAR,DOHA,HAMAD INTERNATIONAL AIRPORT,DOH,3 HOURS 30 MINUTES,
331,QATAR AIRWAYS,QR,QR-621,INTERNATIONAL,LHE-DOH,PAKISTAN,LAHORE,ALLAMA IQBAL INTERNATIONAL AIRPORT,LHE,QATAR,DOHA,HAMAD INTERNATIONAL AIRPORT,DOH,3 HOURS 30 MINUTES,
332,QATAR AIRWAYS,QR,QR-628,INTERNATIONAL,DOH-LHE,QATAR,DOHA,HAMAD INTERNATIONAL AIRPORT,DOH,PAKISTAN,LAHORE,ALLAMA IQBAL INTERNATIONAL AIRPORT,LHE,3 HOURS 30 MINUTES,
333,QATAR AIRWAYS,QR,QR-620,INTERNATIONAL,DOH-LHE,QATAR,DOHA,HAMAD INTERNATIONAL AIRPORT,DOH,PAKISTAN,LAHORE,ALLAMA IQBAL INTERNATIONAL AIRPORT,LHE,3 HOURS 30 MINUTES,
334,QATAR AIRWAYS,QR,QR-611,INTERNATIONAL,KHI-DOH,PAKISTAN,KARACHI,JINNAH INTERNATIONAL AIRPORT,KHI,QATAR,DOHA,HAMAD INTERNATIONAL AIRPORT,DOH,2 HOURS 30 MINUTES,
335,QATAR AIRWAYS,QR,QR-605,INTERNATIONAL,KHI-DOH,PAKISTAN,KARACHI,JINNAH INTERNATIONAL AIRPORT,KHI,QATAR,DOHA,HAMAD INTERNATIONAL AIRPORT,DOH,2 HOURS 30 MINUTES,
336,QATAR AIRWAYS,QR,QR-610,INTERNATIONAL,DOH-KHI,QATAR,DOHA,HAMAD INTERNATIONAL AIRPORT,DOH,PAKISTAN,KARACHI,JINNAH INTERNATIONAL AIRPORT,KHI,2 HOURS 35 MINUTES,
337,QATAR AIRWAYS,QR,QR-604,INTERNATIONAL,DOH-KHI,QATAR,DOHA,HAMAD INTERNATIONAL AIRPORT,DOH,PAKISTAN,KARACHI,JINNAH INTERNATIONAL AIRPORT,KHI,2 HOURS 35 MINUTES,
338,QATAR AIRWAYS,QR,QR-631,INTERNATIONAL,SKT-DOH,PAKISTAN,SIALKOT,SIALKOT INTERNATIONAL AIRPORT,SKT,QATAR,DOHA,HAMAD INTERNATIONAL AIRPORT,DOH,3 HOURS 35 MINUTES,
339,QATAR AIRWAYS,QR,QR-630,INTERNATIONAL,DOH-SKT,QATAR,DOHA,HAMAD INTERNATIONAL AIRPORT,DOH,PAKISTAN,SIALKOT,SIALKOT INTERNATIONAL AIRPORT,SKT,3 HOURS 35 MINUTES,
340,PAKISTAN INTERNATIONAL AIRLINE,PK,PK-211,INTERNATIONAL,ISB-DXB,PAKISTAN,ISLAMABAD,ISLAMABAD INTERNATIONAL AIRPORT,ISB,UNITED ARAB EMIRATES,DUBAI,DUBAI INTERNATIONAL AIRPORT,DXB,3 HOURS 25 MINUTES,
341,PAKISTAN INTERNATIONAL AIRLINE,PK,PK-212,INTERNATIONAL,DXB-ISB,UNITED ARAB EMIRATES,DUBAI,DUBAI INTERNATIONAL AIRPORT,DXB,PAKISTAN,ISLAMABAD,ISLAMABAD INTERNATIONAL AIRPORT,ISB,3 HOURS 5 MINUTES,
342,PAKISTAN INTERNATIONAL AIRLINE,PK,PK-181,INTERNATIONAL,ISB-SHJ,PAKISTAN,ISLAMABAD,ISLAMABAD INTERNATIONAL AIRPORT,ISB,UNITED ARAB EMIRATES,SHARJAH,SHARJAH INTERNATIONAL AIRPORT,SHJ,3 HOURS 15 MINUTES,
343,PAKISTAN INTERNATIONAL AIRLINE,PK,PK-182,INTERNATIONAL,SHJ-ISB,UNITED ARAB EMIRATES,SHARJAH,SHARJAH INTERNATIONAL AIRPORT,SHJ,PAKISTAN,ISLAMABAD,ISLAMABAD INTERNATIONAL AIRPORT,ISB,3 HOURS 10 MINUTES,
344,PAKISTAN INTERNATIONAL AIRLINE,PK,PK-261,INTERNATIONAL,ISB-AUH,PAKISTAN,ISLAMABAD,ISLAMABAD INTERNATIONAL AIRPORT,ISB,UNITED ARAB EMIRATES,ABU DHABI,ZAYED INTERNATIONAL AIRPORT,AUH,3 HOURS 30 MINUTES,
345,PAKISTAN INTERNATIONAL AIRLINE,PK,PK-262,INTERNATIONAL,AUH-ISB,UNITED ARAB EMIRATES,ABU DHABI,ZAYED INTERNATIONAL AIRPORT,AUH,PAKISTAN,ISLAMABAD,ISLAMABAD INTERNATIONAL AIRPORT,ISB,3 HOURS 10 MINUTES,
346,PAKISTAN INTERNATIONAL AIRLINE,PK,PK-143,INTERNATIONAL,ISB-AAN,PAKISTAN,ISLAMABAD,ISLAMABAD INTERNATIONAL AIRPORT,ISB,UNITED ARAB EMIRATES,AL AIN,AL AIN INTERNATIONAL AIRPORT,AAN,3 HOURS 10 MINUTES,
347,PAKISTAN INTERNATIONAL AIRLINE,PK,PK-144,INTERNATIONAL,AAN-ISB,UNITED ARAB EMIRATES,AL AIN,AL AIN INTERNATIONAL AIRPORT,AAN,PAKISTAN,ISLAMABAD,ISLAMABAD INTERNATIONAL AIRPORT,ISB,3 HOURS 10 MINUTES,
348,PAKISTAN INTERNATIONAL AIRLINE,PK,PK-287,INTERNATIONAL,ISB-DOH,PAKISTAN,ISLAMABAD,ISLAMABAD INTERNATIONAL AIRPORT,ISB,QATAR,DOHA,HAMAD INTERNATIONAL AIRPORT,DOH,3 HOURS 55 MINUTES,
349,PAKISTAN INTERNATIONAL AIRLINE,PK,PK-288,INTERNATIONAL,DOH-ISB,QATAR,DOHA,HAMAD INTERNATIONAL AIRPORT,DOH,PAKISTAN,ISLAMABAD,ISLAMABAD INTERNATIONAL AIRPORT,ISB,3 HOURS 40 MINUTES,
350,PAKISTAN INTERNATIONAL AIRLINE,PK,PK-291,INTERNATIONAL,ISB-MCT,PAKISTAN,ISLAMABAD,ISLAMABAD INTERNATIONAL AIRPORT,ISB,OMAN,MUSCAT,MUSCAT INTERNATIONAL AIRPORT,MCT,3 HOURS 10 MINUTES,
351,PAKISTAN INTERNATIONAL AIRLINE,PK,PK-292,INTERNATIONAL,MCT-ISB,OMAN,MUSCAT,MUSCAT INTERNATIONAL AIRPORT,MCT,PAKISTAN,ISLAMABAD,ISLAMABAD INTERNATIONAL AIRPORT,ISB,2 HOURS 45 MINUTES,
352,PAKISTAN INTERNATIONAL AIRLINE,PK,PK-753,INTERNATIONAL,ISB-RUH,PAKISTAN,ISLAMABAD,ISLAMABAD INTERNATIONAL AIRPORT,ISB,SAUDI ARABIA,RIYADH,KING KHALID INTERNATIONAL AIRPORT,RUH,5 HOURS 20 MINUTES,
353,PAKISTAN INTERNATIONAL AIRLINE,PK,PK-754,INTERNATIONAL,RUH-ISB,SAUDI ARABIA,RIYADH,KING KHALID INTERNATIONAL AIRPORT,RUH,PAKISTAN,ISLAMABAD,ISLAMABAD INTERNATIONAL AIRPORT,ISB,4 HOURS 20 MINUTES,
354,PAKISTAN INTERNATIONAL AIRLINE,PK,PK-741,INTERNATIONAL,ISB-JED,PAKISTAN,ISLAMABAD,ISLAMABAD INTERNATIONAL AIRPORT,ISB,SAUDI ARABIA,JEDDAH,KING ABDUL AZIZ INTERNATIONAL AIRPORT,JED,5 HOURS 55 MINUTES,
355,PAKISTAN INTERNATIONAL AIRLINE,PK,PK-742,INTERNATIONAL,JED-ISB,SAUDI ARABIA,JEDDAH,KING ABDUL AZIZ INTERNATIONAL AIRPORT,JED,PAKISTAN,ISLAMABAD,ISLAMABAD INTERNATIONAL AIRPORT,ISB,5 HOURS 10 MINUTES,
356,PAKISTAN INTERNATIONAL AIRLINE,PK,PK-245,INTERNATIONAL,ISB-DMM,PAKISTAN,ISLAMABAD,ISLAMABAD INTERNATIONAL AIRPORT,ISB,SAUDI ARABIA,DAMMAM,KING FAHAD INTERNATIONAL AIRPORT,DMM,4 HOURS 25 MINUTES,
357,PAKISTAN INTERNATIONAL AIRLINE,PK,PK-246,INTERNATIONAL,DMM-ISB,SAUDI ARABIA,DAMMAM,KING FAHAD INTERNATIONAL AIRPORT,DMM,PAKISTAN,ISLAMABAD,ISLAMABAD INTERNATIONAL AIRPORT,ISB,3 HOURS 45 MINUTES,
358,PAKISTAN INTERNATIONAL AIRLINE,PK,PK-167,INTERNATIONAL,ISB-ELQ,PAKISTAN,ISLAMABAD,ISLAMABAD INTERNATIONAL AIRPORT,ISB,SAUDI ARABIA,AL QASSIM,PRINCE NAIF BIN ABDULAZIZ INTERNATIONAL AIRPORT,ELQ,5 HOURS 15 MINUTES,
359,PAKISTAN INTERNATIONAL AIRLINE,PK,PK-168,INTERNATIONAL,ELQ-ISB,SAUDI ARABIA,AL QASSIM,PRINCE NAIF BIN ABDULAZIZ INTERNATIONAL AIRPORT,ELQ,PAKISTAN,ISLAMABAD,ISLAMABAD INTERNATIONAL AIRPORT,ISB,4 HOURS 45 MINUTES,
360,PAKISTAN INTERNATIONAL AIRLINE,PK,PK-713,INTERNATIONAL,ISB-MED,PAKISTAN,ISLAMABAD,ISLAMABAD INTERNATIONAL AIRPORT,ISB,SAUDI ARABIA,MEDINAH,PRINCE MUHAMMAD BIN ABDULAZIZ INTERNATIONAL AIRPORT,MED,5 HOURS 45 MINUTES,
361,PAKISTAN INTERNATIONAL AIRLINE,PK,PK-714,INTERNATIONAL,MED-ISB,SAUDI ARABIA,MEDINAH,PRINCE MUHAMMAD BIN ABDULAZIZ INTERNATIONAL AIRPORT,MED,PAKISTAN,ISLAMABAD,ISLAMABAD INTERNATIONAL AIRPORT,ISB,5 HOURS,
362,PAKISTAN INTERNATIONAL AIRLINE,PK,PK-781,INTERNATIONAL,ISB-YYZ,PAKISTAN,ISLAMABAD,ISLAMABAD INTERNATIONAL AIRPORT,ISB,CANADA ,TORONTO,TORONTO PEARSON INTERNATIONAL AIRPORT,YYZ,13 HOURS 50 MINUTES,
363,PAKISTAN INTERNATIONAL AIRLINE,PK,PK-782,INTERNATIONAL,YYZ-ISB,CANADA,TORONTO,TORONTO PEARSON INTERNATIONAL AIRPORT,YYZ,PAKISTAN,ISLAMABAD,ISLAMABAD INTERNATIONAL AIRPORT,ISB,13 HOURS 15 MINUTES,
364,PAKISTAN INTERNATIONAL AIRLINE,PK,PK-701,INTERNATIONAL,ISB-MAN,PAKISTAN,ISLAMABAD,ISLAMABAD INTERNATIONAL AIRPORT,ISB,UNITED KINGDON,MANCHESTER,MANCHESTER AIRPORT,MAN,8 HOURS 55 MINUTES,
365,PAKISTAN INTERNATIONAL AIRLINE,PK,PK-702,INTERNATIONAL,MAN-ISB,UNITED KINGDOM,MANCHESTER,MANCHESTER AIRPORT,MAN,PAKISTAN,ISLAMABAD,ISLAMABAD INTERNATIONAL AIRPORT,ISB,7 HOURS 50 MINUTES,
366,PAKISTAN INTERNATIONAL AIRLINE,PK,PK-749,INTERNATIONAL,ISB-CDG,PAKISTAN,ISLAMABAD,ISLAMABAD INTERNATIONAL AIRPORT,ISB,FRANCE ,PARIS,PARIS CHARLES DE GAULLE AIRPORT,CDG,8 HOURS 35 MINUTES,
367,PAKISTAN INTERNATIONAL AIRLINE,PK,PK-750,INTERNATIONAL,CDG-ISB,FRANCE ,PARIS,PARIS CHARLES DE GAULLE AIRPORT,CDG,PAKISTAN,ISLAMABAD,ISLAMABAD INTERNATIONAL AIRPORT,ISB,7 HOURS 45 MINUTES,
368,PAKISTAN INTERNATIONAL AIRLINE,PK,PK-785,INTERNATIONAL,ISB-LHR,PAKISTAN,ISLAMABAD,ISLAMABAD INTERNATIONAL AIRPORT,ISB,UNITED KINGDON,LONDON,LONDON HEATHROW AIRPORT,LHR,8 HOURS 40 MINUTES,
369,PAKISTAN INTERNATIONAL AIRLINE,PK,PK-786,INTERNATIONAL,LHR-ISB,UNITED KINGDOM,LONDON,LONDON HEATHROW AIRPORT,LHR,PAKISTAN,ISLAMABAD,ISLAMABAD INTERNATIONAL AIRPORT,ISB,7 HOURS 40 MINUTES,
370,PAKISTAN INTERNATIONAL AIRLINE,PK,PK-5711,INTERNATIONAL,ISB-IST,PAKISTAN,ISLAMABAD,ISLAMABAD INTERNATIONAL AIRPORT,ISB,TURKEY,ISTANBUL,IGA ISTANBUL AIRPORT,IST,6 HOURS,
371,PAKISTAN INTERNATIONAL AIRLINE,PK,PK-5710/5750,INTERNATIONAL,IST-ISB,TURKEY,ISTANBUL,IGA ISTANBUL AIRPORT,IST,PAKISTAN,ISLAMABAD,ISLAMABAD INTERNATIONAL AIRPORT,ISB, 4 HOURS 55 MINUTES,
372,PAKISTAN INTERNATIONAL AIRLINE,PK,PK-854,INTERNATIONAL,ISB-PEK,PAKISTAN,ISLAMABAD,ISLAMABAD INTERNATIONAL AIRPORT,ISB,CHINA,BEIJING,BEIJING CAPITAL INTERNATIONAL AIRPORT,PEK,5 HOURS 35 MINUTES,
373,PAKISTAN INTERNATIONAL AIRLINE,PK,PK-855,INTERNATIONAL,PEK-ISB,CHINA,BEIJING,BEIJING CAPITAL INTERNATIONAL AIRPORT,PEK,PAKISTAN,ISLAMABAD,ISLAMABAD INTERNATIONAL AIRPORT,ISB,6 HOURS 30 MINUTES,
374,PAKISTAN INTERNATIONAL AIRLINE,PK,PK-283,INTERNATIONAL,PEW-DXB,PAKISTAN,PESHAWAR,BACHA KHAN INTERNATIONAL AIRPORT,PEW,UNITED ARAB EMIRATES,DUBAI,DUBAI INTERNATIONAL AIRPORT,DXB,3 HOURS 35 MINUTES,
375,PAKISTAN INTERNATIONAL AIRLINE,PK,PK-284,INTERNATIONAL,DXB-PEW,UNITED ARAB EMIRATES,DUBAI,DUBAI INTERNATIONAL AIRPORT,DXB,PAKISTAN,PESHAWAR,BACHA KHAN INTERNATIONAL AIRPORT,PEW,2 HOURS 55 MINUTES,
376,PAKISTAN INTERNATIONAL AIRLINE,PK,PK-257,INTERNATIONAL,PEW-SHJ,PAKISTAN,PESHAWAR,BACHA KHAN INTERNATIONAL AIRPORT,PEW,UNITED ARAB EMIRATES,SHARJAH,SHARJAH INTERNATIONAL AIRPORT,SHJ,3 HOURS 30 MINUTES,
377,PAKISTAN INTERNATIONAL AIRLINE,PK,PK-258,INTERNATIONAL,SHJ-PEW,UNITED ARAB EMIRATES,SHARJAH,SHARJAH INTERNATIONAL AIRPORT,SHJ,PAKISTAN,PESHAWAR,BACHA KHAN INTERNATIONAL AIRPORT,PEW,2 HOURS 55 MINUTES,
378,PAKISTAN INTERNATIONAL AIRLINE,PK,PK-217,INTERNATIONAL,PEW-AUH,PAKISTAN,PESHAWAR,BACHA KHAN INTERNATIONAL AIRPORT,PEW,UNITED ARAB EMIRATES,ABU DHABI,ZAYED INTERNATIONAL AIRPORT,AUH,3 HOURS 40 MINUTES,
379,PAKISTAN INTERNATIONAL AIRLINE,PK,PK-218,INTERNATIONAL,AUH-PEW,UNITED ARAB EMIRATES,ABU DHABI,ZAYED INTERNATIONAL AIRPORT,AUH,PAKISTAN,PESHAWAR,BACHA KHAN INTERNATIONAL AIRPORT,PEW,3 HOURS 5 MINUTES,
380,PAKISTAN INTERNATIONAL AIRLINE,PK,PK-285,INTERNATIONAL,PEW-DOH,PAKISTAN,PESHAWAR,BACHA KHAN INTERNATIONAL AIRPORT,PEW,QATAR,DOHA,HAMAD INTERNATIONAL AIRPORT,DOH,4 HOURS 15 MINUTES,
381,PAKISTAN INTERNATIONAL AIRLINE,PK,PK-286,INTERNATIONAL,DOH-PEW,QATAR,DOHA,HAMAD INTERNATIONAL AIRPORT,DOH,PAKISTAN,PESHAWAR,BACHA KHAN INTERNATIONAL AIRPORT,PEW,3 HOURS 20 MINUTES,
382,PAKISTAN INTERNATIONAL AIRLINE,PK,PK-735,INTERNATIONAL,PEW-JED,PAKISTAN,PESHAWAR,BACHA KHAN INTERNATIONAL AIRPORT,PEW,SAUDI ARABIA,JEDDAH,KING ABDUL AZIZ INTERNATIONAL AIRPORT,JED,5 HOURS 20 MINUTES,
383,PAKISTAN INTERNATIONAL AIRLINE,PK,PK-736,INTERNATIONAL,JED-PEW,SAUDI ARABIA,JEDDAH,KING ABDUL AZIZ INTERNATIONAL AIRPORT,JED,PAKISTAN,PESHAWAR,BACHA KHAN INTERNATIONAL AIRPORT,PEW,4 HOURS 55 MINUTES,
384,PAKISTAN INTERNATIONAL AIRLINE,PK,PK-203,INTERNATIONAL,LHE-DXB,PAKISTAN,LAHORE,ALLAMA IQBAL INTERNATIONAL AIRPORT,LHE,UNITED ARAB EMIRATES,DUBAI,DUBAI INTERNATIONAL AIRPORT,DXB,3 HOURS 25 MINUTES,
385,PAKISTAN INTERNATIONAL AIRLINE,PK,PK-204,INTERNATIONAL,DXB-LHE,UNITED ARAB EMIRATES,DUBAI,DUBAI INTERNATIONAL AIRPORT,DXB,PAKISTAN,LAHORE,ALLAMA IQBAL INTERNATIONAL AIRPORT,LHE,3 HOURS 5 MINUTES,
386,PAKISTAN INTERNATIONAL AIRLINE,PK,PK-263,INTERNATIONAL,LHE-AUH,PAKISTAN,LAHORE,ALLAMA IQBAL INTERNATIONAL AIRPORT,LHE,UNITED ARAB EMIRATES,ABU DHABI,ZAYED INTERNATIONAL AIRPORT,AUH,3 HOURS 50 MINUTES,
387,PAKISTAN INTERNATIONAL AIRLINE,PK,PK-264,INTERNATIONAL,AUH-LHE,UNITED ARAB EMIRATES,ABU DHABI,ZAYED INTERNATIONAL AIRPORT,AUH,PAKISTAN,LAHORE,ALLAMA IQBAL INTERNATIONAL AIRPORT,LHE,3 HOURS 5 MINUTES,
388,PAKISTAN INTERNATIONAL AIRLINE,PK,PK-279,INTERNATIONAL,LHE-DOH,PAKISTAN,LAHORE,ALLAMA IQBAL INTERNATIONAL AIRPORT,LHE,QATAR,DOHA,HAMAD INTERNATIONAL AIRPORT,DOH,4 HOURS 15 MINUTES,
389,PAKISTAN INTERNATIONAL AIRLINE,PK,PK-280,INTERNATIONAL,DOH-LHE,QATAR,DOHA,HAMAD INTERNATIONAL AIRPORT,DOH,PAKISTAN,LAHORE,ALLAMA IQBAL INTERNATIONAL AIRPORT,LHE,3 HOURS 25 MINUTES,
390,PAKISTAN INTERNATIONAL AIRLINE,PK,PK-229,INTERNATIONAL,LHE-MCT,PAKISTAN,LAHORE,ALLAMA IQBAL INTERNATIONAL AIRPORT,LHE,OMAN,MUSCAT,MUSCAT INTERNATIONAL AIRPORT,MCT,3 HOURS 5 MINUTES,
391,PAKISTAN INTERNATIONAL AIRLINE,PK,PK-230,INTERNATIONAL,MCT-LHE,OMAN,MUSCAT,MUSCAT INTERNATIONAL AIRPORT,MCT,PAKISTAN,LAHORE,ALLAMA IQBAL INTERNATIONAL AIRPORT,LHE,2 HOURS 40 MINUTES, 
392,PAKISTAN INTERNATIONAL AIRLINE,PK,PK-859,INTERNATIONAL,LHE-JED,PAKISTAN,LAHORE,ALLAMA IQBAL INTERNATIONAL AIRPORT,LHE,SAUDI ARABIA,JEDDAH,KING ABDUL AZIZ INTERNATIONAL AIRPORT,JED,6 HOURS,
393,PAKISTAN INTERNATIONAL AIRLINE,PK,PK-960,INTERNATIONAL,JED-LHE,SAUDI ARABIA,JEDDAH,KING ABDUL AZIZ INTERNATIONAL AIRPORT,JED,PAKISTAN,LAHORE,ALLAMA IQBAL INTERNATIONAL AIRPORT,LHE,5  HOURS 20 MINUTES,
394,PAKISTAN INTERNATIONAL AIRLINE,PK,PK-725,INTERNATIONAL,LHE-RUH,PAKISTAN,LAHORE,ALLAMA IQBAL INTERNATIONAL AIRPORT,LHE,SAUDI ARABIA,RIYADH,KING KHALID INTERNATIONAL AIRPORT,RUH,4 HOURS 45 MINUTES,
395,PAKISTAN INTERNATIONAL AIRLINE,PK,PK-726,INTERNATIONAL,RUH-LHE,SAUDI ARABIA,RIYADH,KING KHALID INTERNATIONAL AIRPORT,RUH,PAKISTAN,LAHORE,ALLAMA IQBAL INTERNATIONAL AIRPORT,LHE,4 HOURS 5 MINUTES,
396,PAKISTAN INTERNATIONAL AIRLINE,PK,PK-247,INTERNATIONAL,LHE-DMM,PAKISTAN,LAHORE,ALLAMA IQBAL INTERNATIONAL AIRPORT,LHE,SAUDI ARABIA,DAMMAM,KING FAHAD INTERNATIONAL AIRPORT,DMM,4 HOURS 15 MINUTES,
397,PAKISTAN INTERNATIONAL AIRLINE,PK,PK-248,INTERNATIONAL,DMM-LHE,SAUDI ARABIA,DAMMAM,KING FAHAD INTERNATIONAL AIRPORT,DMM,PAKISTAN,LAHORE,ALLAMA IQBAL INTERNATIONAL AIRPORT,LHE,3 HOURS 55 MINUTES,
398,PAKISTAN INTERNATIONAL AIRLINE,PK,PK-747,INTERNATIONAL,LHE-MED,PAKISTAN,LAHORE,ALLAMA IQBAL INTERNATIONAL AIRPORT,LHE,SAUDI ARABIA,MEDINAH,PRINCE MUHAMMAD BIN ABDULAZIZ INTERNATIONAL AIRPORT,MED,5 HOURS 25 MINUTES,
399,PAKISTAN INTERNATIONAL AIRLINE,PK,PK-748,INTERNATIONAL,MED-LHE,SAUDI ARABIA,MEDINAH,PRINCE MUHAMMAD BIN ABDULAZIZ INTERNATIONAL AIRPORT,MED,PAKISTAN,LAHORE,ALLAMA IQBAL INTERNATIONAL AIRPORT,LHE,5 HOURS 10 MINUTES,
400,PAKISTAN INTERNATIONAL AIRLINE,PK,PK-159,INTERNATIONAL,LHE-GYD,PAKISTAN,LAHORE,ALLAMA IQBAL INTERNATIONAL AIRPORT,LHE,AZERBAIJAN,BAKU,HEYDER ALIYEV INTERNATIONAL AIRPORT,GYD,4 HOURS 20 MINUTES,
401,PAKISTAN INTERNATIONAL AIRLINE,PK,PK-160,INTERNATIONAL,GYD-LHE,AZERBAIJAN,BAKU,HEYDER ALIYEV INTERNATIONAL AIRPORT,GYD,PAKISTAN,LAHORE,ALLAMA IQBAL INTERNATIONAL AIRPORT,LHE,3 HOURS 25 MINUTES,
402,PAKISTAN INTERNATIONAL AIRLINE,PK,PK-189,INTERNATIONAL,LHE-BAH,PAKISTAN,LAHORE,ALLAMA IQBAL INTERNATIONAL AIRPORT,LHE,BAHRAIN,BAHRAN,BAHRAIN INTERNATIONAL AIRPORT,BAH,4 HOURS,
403,PAKISTAN INTERNATIONAL AIRLINE,PK,PK-190,INTERNATIONAL,BAH-LHE,BAHRAIN,BAHRAIN,BAHRAIN INTERNATIONAL AIRPORT,BAH,PAKISTAN,LAHORE,ALLAMA IQBAL INTERNATIONAL AIRPORT,LHE,4 HOURS,
404,PAKISTAN INTERNATIONAL AIRLINE,PK,PK-185,INTERNATIONAL,LHE-SHJ,PAKISTAN,LAHORE,ALLAMA IQBAL INTERNATIONAL AIRPORT,LHE,UNITED ARAB EMIRATES,SHARJAH,SHARJAH INTERNATIONAL AIRPORT,SHJ,3HOURS 25 MINUTES,
405,PAKISTAN INTERNATIONAL AIRLINE,PK,PK-186,INTERNATIONAL,SHJ-LHE,UNITED ARAB EMIRATES,SHARJAH,SHARJAH INTERNATIONAL AIRPORT,SHJ,PAKISTAN,LAHORE,ALLAMA IQBAL INTERNATIONAL AIRPORT,LHE,2 HOURS 50 MINUTES,
406,PAKISTAN INTERNATIONAL AIRLINE,PK,PK-757,INTERNATIONAL,LHE-LHR,PAKISTAN,LAHORE,ALLAMA IQBAL INTERNATIONAL AIRPORT,LHE,UNITED KINGDON,LONDON,LONDON HEATHROW AIRPORT,LHR,8 HOURS 55 MINUTES,
407,PAKISTAN INTERNATIONAL AIRLINE,PK,PK-758,INTERNATIONAL,LHR-LHE,UNITED KINGDOM,LONDON,LONDON HEATHROW AIRPORT,LHR,PAKISTAN,LAHORE,ALLAMA IQBAL INTERNATIONAL AIRPORT,LHE,7 HOURS 55 MINUTES,
408,PAKISTAN INTERNATIONAL AIRLINE,PK,PK-789/797,INTERNATIONAL,LHE-YYZ,PAKISTAN,LAHORE,ALLAMA IQBAL INTERNATIONAL AIRPORT,LHE,CANADA ,TORONTO,TORONTO PEARSON INTERNATIONAL AIRPORT,YYZ,14 HOURS,
409,PAKISTAN INTERNATIONAL AIRLINE,PK,PK-790/798,INTERNATIONAL,YYZ-LHE,CANADA,TORONTO,TORONTO PEARSON INTERNATIONAL AIRPORT,YYZ,PAKISTAN,LAHORE,ALLAMA IQBAL INTERNATIONAL AIRPORT,LHE,13 HOURS 40 MINUTES,
410,PAKISTAN INTERNATIONAL AIRLINE,PK,PK-5715,INTERNATIONAL,LHE-IST,PAKISTAN,LAHORE,ALLAMA IQBAL INTERNATIONAL AIRPORT,LHE,TURKEY,ISTANBUL,IGA ISTANBUL AIRPORT,IST,6 HOURS 30 MINUTES,
411,PAKISTAN INTERNATIONAL AIRLINE,PK,PK-5714,INTERNATIONAL,IST-LHE,TURKEY,ISTANBUL,IGA ISTANBUL AIRPORT,IST,PAKISTAN,LAHORE,ALLAMA IQBAL INTERNATIONAL AIRPORT,LHE,5 HOURS 30 MINUTES,
412,PAKISTAN INTERNATIONAL AIRLINE,PK,PK-783,INTERNATIONAL,KHI-YYZ,PAKISTAN,KARACHI,JINNAH INTERNATIONAL AIRPORT,KHI,CANADA ,TORONTO,TORONTO PEARSON INTERNATIONAL AIRPORT,YYZ,14 HOURS 40 MINUTES,
413,PAKISTAN INTERNATIONAL AIRLINE,PK,PK-784,INTERNATIONAL,YYZ/KHI,CANADA,TORONTO,TORONTO PEARSON INTERNATIONAL AIRPORT,YYZ,PAKISTAN,KARACHI,JINNAH INTERNATIONAL AIRPORT,KHI,13 HOURS 50 MINUTES,
414,PAKISTAN INTERNATIONAL AIRLINE,PK,PK-761,INTERNATIONAL,KHI-JED,PAKISTAN,KARACHI,JINNAH INTERNATIONAL AIRPORT,KHI,SAUDI ARABIA,JEDDAH,KING ABDUL AZIZ INTERNATIONAL AIRPORT,JED,4 HOURS 55 MINUTES,
415,PAKISTAN INTERNATIONAL AIRLINE,PK,PK-731,INTERNATIONAL,KHI-JED,PAKISTAN,KARACHI,JINNAH INTERNATIONAL AIRPORT,KHI,SAUDI ARABIA,JEDDAH,KING ABDUL AZIZ INTERNATIONAL AIRPORT,JED,4 HOURS 55 MINUTES,
416,PAKISTAN INTERNATIONAL AIRLINE,PK,PK-732,INTERNATIONAL,JED-KHI,SAUDI ARABIA,JEDDAH,KING ABDUL AZIZ INTERNATIONAL AIRPORT,JED,PAKISTAN,KARACHI,JINNAH INTERNATIONAL AIRPORT,KHI,4 HOURS 5 MINUTES,
417,PAKISTAN INTERNATIONAL AIRLINE,PK,PK-762,INTERNATIONAL,JED-KHI,SAUDI ARABIA,JEDDAH,KING ABDUL AZIZ INTERNATIONAL AIRPORT,JED,PAKISTAN,KARACHI,JINNAH INTERNATIONAL AIRPORT,KHI,4 HOURS 5 MINUTES,
418,PAKISTAN INTERNATIONAL AIRLINE,PK,PK-729,INTERNATIONAL,KHI-RUH,PAKISTAN,KARACHI,JINNAH INTERNATIONAL AIRPORT,KHI,SAUDI ARABIA,RIYADH,KING KHALID INTERNATIONAL AIRPORT,RUH,4 HOURS 5 MINUTES,
419,PAKISTAN INTERNATIONAL AIRLINE,PK,PK-730,INTERNATIONAL,RUH-KHI,SAUDI ARABIA,RIYADH,KING KHALID INTERNATIONAL AIRPORT,RUH,PAKISTAN,KARACHI,JINNAH INTERNATIONAL AIRPORT,KHI,3 HOURS 5 MINUTES,
420,PAKISTAN INTERNATIONAL AIRLINE,PK,PK-743,INTERNATIONAL,KHI-MED,PAKISTAN,KARACHI,JINNAH INTERNATIONAL AIRPORT,KHI,SAUDI ARABIA,MEDINAH,PRINCE MUHAMMAD BIN ABDULAZIZ INTERNATIONAL AIRPORT,MED,4 HOURS 30 MINUTES,
421,PAKISTAN INTERNATIONAL AIRLINE,PK,PK-744,INTERNATIONAL,MED-KHI,SAUDI ARABIA,MEDINAH,PRINCE MUHAMMAD BIN ABDULAZIZ INTERNATIONAL AIRPORT,MED,PAKISTAN,KARACHI,JINNAH INTERNATIONAL AIRPORT,KHI,3 HOURS 50 MINUTES,
422,PAKISTAN INTERNATIONAL AIRLINE,PK,PK-241,INTERNATIONAL,KHI-DMM,PAKISTAN,KARACHI,JINNAH INTERNATIONAL AIRPORT,KHI,SAUDI ARABIA,DAMMAM,KING FAHAD INTERNATIONAL AIRPORT,DMM,3 HOURS 15 MINUTES,
423,PAKISTAN INTERNATIONAL AIRLINE,PK,PK-242,INTERNATIONAL,DMM-KHI,SAUDI ARABIA,DAMMAM,KING FAHAD INTERNATIONAL AIRPORT,DMM,PAKISTAN,KARACHI,JINNAH INTERNATIONAL AIRPORT,KHI,2 HOURS 45 MINUTES,
424,PAKISTAN INTERNATIONAL AIRLINE,PK,PK-221,INTERNATIONAL,MUX-DXB,PAKISTAN,MULTAN,MULTAN INTERNATIONAL AIRPORT,MUX,UNITED ARAB EMIRATES,DUBAI,DUBAI INTERNATIONAL AIRPORT,DXB,3 HOURS 10 MINUTES,
425,PAKISTAN INTERNATIONAL AIRLINE,PK,PK-222,INTERNATIONAL,DXB-MUX,UNITED ARAB EMIRATES,DUBAI,DUBAI INTERNATIONAL AIRPORT,DXB,PAKISTAN,MULTAN,MULTAN INTERNATIONAL AIRPORT,MUX,2 HOURS 40 MINUTES,
426,PAKISTAN INTERNATIONAL AIRLINE,PK,PK-293,INTERNATIONAL,MUX-SHJ,PAKISTAN,MULTAN,MULTAN INTERNATIONAL AIRPORT,MUX,UNITED ARAB EMIRATES,SHARJAH,SHARJAH INTERNATIONAL AIRPORT,SHJ,3 HOURS 10 MINUTES,
427,PAKISTAN INTERNATIONAL AIRLINE,PK,PK-294,INTERNATIONAL,SHJ-MUX,UNITED ARAB EMIRATES,SHARJAH,SHARJAH INTERNATIONAL AIRPORT,SHJ,PAKISTAN,MULTAN,MULTAN INTERNATIONAL AIRPORT,MUX,2 HOURS 40 MINUTES,
428,PAKISTAN INTERNATIONAL AIRLINE,PK,PK-171,INTERNATIONAL,MUX-MCT,PAKISTAN,MULTAN,MULTAN INTERNATIONAL AIRPORT,MUX,OMAN,MUSCAT,MUSCAT INTERNATIONAL AIRPORT,MCT,2 HOURS 35 MINUTES,
429,PAKISTAN INTERNATIONAL AIRLINE,PK,PK-172,INTERNATIONAL,MCT-MUX,OMAN,MUSCAT,MUSCAT INTERNATIONAL AIRPORT,MCT,PAKISTAN,MULTAN,MULTAN INTERNATIONAL AIRPORT,MUX,2 HOURS 15 MINUTES,
430,PAKISTAN INTERNATIONAL AIRLINE,PK,PK-739,INTERNATIONAL,MUX-JED,PAKISTAN,MULTAN,MULTAN INTERNATIONAL AIRPORT,MUX,SAUDI ARABIA,JEDDAH,KING ABDUL AZIZ INTERNATIONAL AIRPORT,JED,5 HOURS 55 MINUTES,
431,PAKISTAN INTERNATIONAL AIRLINE,PK,PK-740,INTERNATIONAL,JED-MUX,SAUDI ARABIA,JEDDAH,KING ABDUL AZIZ INTERNATIONAL AIRPORT,JED,PAKISTAN,MULTAN,MULTAN INTERNATIONAL AIRPORT,MUX,4 HOURS 50 MINUTES,
432,PAKISTAN INTERNATIONAL AIRLINE,PK,PK-715,INTERNATIONAL,MUX-MED,PAKISTAN,MULTAN,MULTAN INTERNATIONAL AIRPORT,MUX,SAUDI ARABIA,MEDINAH,PRINCE MUHAMMAD BIN ABDULAZIZ INTERNATIONAL AIRPORT,MED,5 HOURS 20 MINUTES,
433,PAKISTAN INTERNATIONAL AIRLINE,PK,PK-716,INTERNATIONAL,MED-MUX,SAUDI ARABIA,MEDINAH,PRINCE MUHAMMAD BIN ABDULAZIZ INTERNATIONAL AIRPORT,MED,PAKISTAN,MULTAN,MULTAN INTERNATIONAL AIRPORT,MUX,4 HOURS 20 MINUTES,
434,PAKISTAN INTERNATIONAL AIRLINE,PK,PK-149,INTERNATIONAL,MUX-DMM,PAKISTAN,MULTAN,MULTAN INTERNATIONAL AIRPORT,MUX,SAUDI ARABIA,DAMMAM,KING FAHAD INTERNATIONAL AIRPORT,DMM,4 HOURS,
435,PAKISTAN INTERNATIONAL AIRLINE,PK,PK-150,INTERNATIONAL,DMM-MUX,SAUDI ARABIA,DAMMAM,KING FAHAD INTERNATIONAL AIRPORT,DMM,PAKISTAN,MULTAN,MULTAN INTERNATIONAL AIRPORT,MUX,3 HOURS 20 MINUTES,
436,PAKISTAN INTERNATIONAL AIRLINE,PK,PK-169,INTERNATIONAL,MUX-ELQ,PAKISTAN,MULTAN,MULTAN INTERNATIONAL AIRPORT,MUX,SAUDI ARABIA,AL QASSIM,PRINCE NAIF BIN ABDULAZIZ INTERNATIONAL AIRPORT,ELQ,4 HOURS 50 MINUTES,
437,PAKISTAN INTERNATIONAL AIRLINE,PK,PK-170,INTERNATIONAL,ELQ-MUX,SAUDI ARABIA,AL QASSIM,PRINCE NAIF BIN ABDULAZIZ INTERNATIONAL AIRPORT,ELQ,PAKISTAN,MULTAN,MULTAN INTERNATIONAL AIRPORT,MUX,4 HOURS 15 MINUTES,
438,PAKISTAN INTERNATIONAL AIRLINE,PK,PK-209,INTERNATIONAL,SKT-SHJ,PAKISTAN,SIALKOT,SIALKOT INTERNATIONAL AIRPORT,SKT,UNITED ARAB EMIRATES,SHARJAH,SHARJAH INTERNATIONAL AIRPORT,SHJ,3 HOURS 55 MINUTES,
439,PAKISTAN INTERNATIONAL AIRLINE,PK,PK-210,INTERNATIONAL,SHJ-SKT,UNITED ARAB EMIRATES,SHARJAH,SHARJAH INTERNATIONAL AIRPORT,SHJ,PAKISTAN,SIALKOT,SIALKOT INTERNATIONAL AIRPORT,SKT,3 HOURS 5 MINUTES,
440,PAKISTAN INTERNATIONAL AIRLINE,PK,PK-179,INTERNATIONAL,SKT-DXB,PAKISTAN,SIALKOT,SIALKOT INTERNATIONAL AIRPORT,SKT,UNITED ARAB EMIRATES,DUBAI,DUBAI INTERNATIONAL AIRPORT,DXB,4 HOURS,
441,PAKISTAN INTERNATIONAL AIRLINE,PK,PK-180,INTERNATIONAL,DXB-SKT,UNITED ARAB EMIRATES,DUBAI,DUBAI INTERNATIONAL AIRPORT,DXB,PAKISTAN,SIALKOT,SIALKOT INTERNATIONAL AIRPORT,SKT,3 HOURS 5 MINUTES,
442,PAKISTAN INTERNATIONAL AIRLINE,PK,PK-177,INTERNATIONAL,SKT-AUH,PAKISTAN,SIALKOT,SIALKOT INTERNATIONAL AIRPORT,SKT,UNITED ARAB EMIRATES,ABU DHABI,ZAYED INTERNATIONAL AIRPORT,AUH,4 HOURS 5 MINUTES,
443,PAKISTAN INTERNATIONAL AIRLINE,PK,PK-178,INTERNATIONAL,AUH-SKT,UNITED ARAB EMIRATES,ABU DHABI,ZAYED INTERNATIONAL AIRPORT,AUH,PAKISTAN,SIALKOT,SIALKOT INTERNATIONAL AIRPORT,SKT,3 HOURS 15 MINUTES,
444,PAKISTAN INTERNATIONAL AIRLINE,PK,PK-745,INTERNATIONAL,SKT-JED,PAKISTAN,SIALKOT,SIALKOT INTERNATIONAL AIRPORT,SKT,SAUDI ARABIA,JEDDAH,KING ABDUL AZIZ INTERNATIONAL AIRPORT,JED,6 HOURS 40 MINUTES,
445,PAKISTAN INTERNATIONAL AIRLINE,PK,PK-746,INTERNATIONAL,JED-SKT,SAUDI ARABIA,SAUDI ARABIA,KING ABDUL AZIZ INTERNATIONAL AIRPORT,JED,PAKISTAN,SIALKOT,SIALKOT INTERNATIONAL AIRPORT,SKT,5 HOURS 15 MINUTES,
446,PAKISTAN INTERNATIONAL AIRLINE,PK,PK-755,INTERNATIONAL,SKT-RUH,PAKISTAN,SIALKOT,SIALKOT INTERNATIONAL AIRPORT,SKT,SAUDI ARABIA,RIYADH,KING KHALID INTERNATIONAL AIRPORT,RUH,5 HOURS  40 MINUTES,
447,PAKISTAN INTERNATIONAL AIRLINE,PK,PK-756,INTERNATIONAL,RUH-SKT,SAUDI ARABIA,RIYADH,KING KHALID INTERNATIONAL AIRPORT,RUH,PAKISTAN,SIALKOT,SIALKOT INTERNATIONAL AIRPORT,SKT,4 HOURS 20 MINUTES,
448,PAKISTAN INTERNATIONAL AIRLINE,PK,PK-243,INTERNATIONAL,SKT-DMM,PAKISTAN,SIALKOT,SIALKOT INTERNATIONAL AIRPORT,SKT,SAUDI ARABIA,DAMMAM,KING FAHAD INTERNATIONAL AIRPORT,DMM,4 HOURS 40 MINUTES,
449,PAKISTAN INTERNATIONAL AIRLINE,PK,PK-244,INTERNATIONAL,DMM-SKT,SAUDI ARABIA,DAMMAM,KING FAHAD INTERNATIONAL AIRPORT,DMM,PAKISTAN,SIALKOT,SIALKOT INTERNATIONAL AIRPORT,SKT,3 HOURS 45 MINUTES,
450,PAKISTAN INTERNATIONAL AIRLINE,PK,PK-763,INTERNATIONAL,LYP-JED,PAKISTAN,FAISALABAD,FAISALABAD INTERNATIONAL AIRPORT,LYP,SAUDI ARABIA,JEDDAH,KING ABDUL AZIZ INTERNATIONAL AIRPORT,JED,5 HOURS 50 MINUTES,
451,PAKISTAN INTERNATIONAL AIRLINE,PK,PK-764,INTERNATIONAL,JED-LYP,SAUDI ARABIA,JEDDAH,KING ABDUL AZIZ INTERNATIONAL AIRPORT,JED,PAKISTAN,FAISALABAD,FAISALABAD INTERNATIONAL AIRPORT,LYP,5 HOURS 10 MINUTES,
452,PAKISTAN INTERNATIONAL AIRLINE,PK,PK-717,INTERNATIONAL,LYP-MED,PAKISTAN,FAISALABAD,FAISALABAD INTERNATIONAL AIRPORT,LYP,SAUDI ARABIA,MEDINAH,PRINCE MUHAMMAD BIN ABDULAZIZ INTERNATIONAL AIRPORT,MED,5 HOURS 30 MINUTES,
453,PAKISTAN INTERNATIONAL AIRLINE,PK,PK-718,INTERNATIONAL,MED-LYP,SAUDI ARABIA,MEDINAH,PRINCE MUHAMMAD BIN ABDULAZIZ INTERNATIONAL AIRPORT,MED,PAKISTAN,FAISALABAD,FAISALABAD INTERNATIONAL AIRPORT,LYP,4 HOURS 55 MINUTES,
454,AIR SIAL,PF,PF-728,INTERNATIONAL,ISB-JED,PAKISTAN,ISLAMABAD,ISLAMABAD INTERNATIONAL AIRPORT,ISB,SAUDI ARABIA,JEDDAH,KING ABDUL AZIZ INTERNATIONAL AIRPORT,JED,5 HOURS 10 MINUTES,
455,AIR SIAL,PF,PF-718,INTERNATIONAL,ISB-JED,PAKISTAN,ISLAMABAD,ISLAMABAD INTERNATIONAL AIRPORT,ISB,SAUDI ARABIA,JEDDAH,KING ABDUL AZIZ INTERNATIONAL AIRPORT,JED,5 HOURS 10 MINUTES,
456,AIR SIAL,PF,PF-719,INTERNATIONAL,JED-ISB,SAUDI ARABIA,JEDDAH,KING ABDUL AZIZ INTERNATIONAL AIRPORT,JED,PAKISTAN,ISLAMABAD,ISLAMABAD INTERNATIONAL AIRPORT,ISB,5 HOURS 10 MINUTES,
457,AIR SIAL,PF,PF-729,INTERNATIONAL,JED-ISB,SAUDI ARABIA,JEDDAH,KING ABDUL AZIZ INTERNATIONAL AIRPORT,JED,PAKISTAN,ISLAMABAD,ISLAMABAD INTERNATIONAL AIRPORT,ISB,5 HOURS 10 MINUTES,
458,AIR SIAL,PF,PF-768,INTERNATIONAL,ISB-RUH,PAKISTAN,ISLAMABAD,ISLAMABAD INTERNATIONAL AIRPORT,ISB,SAUDI ARABIA,RIYADH,KING KHALID INTERNATIONAL AIRPORT,RUH,5 HOURS 20 MINUTES,
459,AIR SIAL,PF,PF-769,INTERNATIONAL,RUH-ISB,SAUDI ARABIA,RIYADH,KING KHALID INTERNATIONAL AIRPORT,RUH,PAKISTAN,ISLAMABAD,ISLAMABAD INTERNATIONAL AIRPORT,ISB,4 HOURS 15 MINUTES,
460,AIR SIAL,PF,PF-746,INTERNATIONAL,ISB-DMM,PAKISTAN,ISLAMABAD,ISLAMABAD INTERNATIONAL AIRPORT,ISB,SAUDI ARABIA,DAMMAM,KING FAHAD INTERNATIONAL AIRPORT,DMM,4 HOURS 5 MINUTES,
461,AIR SIAL,PF,PF-747,INTERNATIONAL,DMM-ISB,SAUDI ARABIA,DAMMAM,KING FAHAD INTERNATIONAL AIRPORT,DMM,PAKISTAN,ISLAMABAD,ISLAMABAD INTERNATIONAL AIRPORT,ISB,3 HOURS 25 MINUTES,
462,AIR SIAL,PF,PF-784,INTERNATIONAL,ISB-DXB,PAKISTAN,ISLAMABAD,ISLAMABAD INTERNATIONAL AIRPORT,ISB,UNITED ARAB EMIRATES,DUBAI,DUBAI INTERNATIONAL AIRPORT,DXB,3 HOURS 10 MINUTES,
463,AIR SIAL,PF,PF-785,INTERNATIONAL,DXB-ISB,UNITED ARAB EMIRATES,DUBAI,DUBAI INTERNATIONAL AIRPORT,DXB,PAKISTAN,ISLAMABAD,ISLAMABAD INTERNATIONAL AIRPORT,ISB,3 HOURS 5 MINUTES,
464,AIR SIAL,PF,PF-798,INTERNATIONAL,ISB-AUH,PAKISTAN,ISLAMABAD,ISLAMABAD INTERNATIONAL AIRPORT,ISB,UNITED ARAB EMIRATES,ABU DHABI,ZAYED INTERNATIONAL AIRPORT,AUH,3 HOURS 45 MINUTES,
465,AIR SIAL,PF,PF-799,INTERNATIONAL,AUH-ISB,UNITED ARAB EMIRATES,DUBAI,DUBAI INTERNATIONAL AIRPORT,DXB,PAKISTAN,ISLAMABAD,ISLAMABAD INTERNATIONAL AIRPORT,ISB,3 HOURS 10 MINUTES,
466,AIR SIAL,PF,PF-734,INTERNATIONAL,ISB-MCT,PAKISTAN,ISLAMABAD,ISLAMABAD INTERNATIONAL AIRPORT,ISB,OMAN,MUSCAT,MUSCAT INTERNATIONAL AIRPORT,MCT,3 HOURS 10 MINUTES,
467,AIR SIAL,PF,PF-735,INTERNATIONAL,MCT-ISB,OMAN,MUSCAT,MUSCAT INTERNATIONAL AIRPORT,MCT,PAKISTAN,ISLAMABAD,ISLAMABAD INTERNATIONAL AIRPORT,ISB,2 HOURS 40 MINUTES,
468,AIR SIAL,PF,PF-716,INTERNATIONAL,LHE-JED,PAKISTAN,LAHORE,ALLAMA IQBAL INTERNATIONAL AIRPORT,LHE,SAUDI ARABIA,JEDDAH,KING ABDUL AZIZ INTERNATIONAL AIRPORT,JED,5 HOURS 30 MINUTES,
469,AIR SIAL,PF,PF-717,INTERNATIONAL,JED-LHE,SAUDI ARABIA,JEDDAH,KING ABDUL AZIZ INTERNATIONAL AIRPORT,JED,PAKISTAN,LAHORE,ALLAMA IQBAL INTERNATIONAL AIRPORT,LHE,5 HOURS 10 MINUTES,
470,AIR SIAL,PF,PF-766,INTERNATIONAL,LHE-RUH,PAKISTAN,LAHORE,ALLAMA IQBAL INTERNATIONAL AIRPORT,LHE,SAUDI ARABIA,RIYADH,KING KHALID INTERNATIONAL AIRPORT,RUH,4 HOURS 45 MINUTES,
471,AIR SIAL,PF,PF-767,INTERNATIONAL,RUH-LHE,SAUDI ARABIA,RIYADH,KING KHALID INTERNATIONAL AIRPORT,RUH,PAKISTAN,LAHORE,ALLAMA IQBAL INTERNATIONAL AIRPORT,LHE,4 HOURS,
472,AIR SIAL,PF,PF-742,INTERNATIONAL,LHE-DMM,PAKISTAN,LAHORE,ALLAMA IQBAL INTERNATIONAL AIRPORT,LHE,SAUDI ARABIA,DAMMAM,KING FAHAD INTERNATIONAL AIRPORT,DMM,4 HOURS 10 MINUTES,
473,AIR SIAL,PF,PF-743,INTERNATIONAL,DMM-LHE,SAUDI ARABIA,DAMMAM,KING FAHAD INTERNATIONAL AIRPORT,DMM,PAKISTAN,LAHORE,ALLAMA IQBAL INTERNATIONAL AIRPORT,LHE,3 HOURS 25 MINUTES,
474,AIR SIAL,PF,PF-786,INTERNATIONAL,LHE-DXB,PAKISTAN,LAHORE,ALLAMA IQBAL INTERNATIONAL AIRPORT,LHE,UNITED ARAB EMIRATES,DUBAI,DUBAI INTERNATIONAL AIRPORT,DXB,3 HOURS 20 MINUTES,
475,AIR SIAL,PF,PF-787,INTERNATIONAL,DXB-LHE,UNITED ARAB EMIRATES,DUBAI,DUBAI INTERNATIONAL AIRPORT,DXB,PAKISTAN,LAHORE,ALLAMA IQBAL INTERNATIONAL AIRPORT,LHE,3 HOURS 5 MINUTES,
476,AIR SIAL,PF,PF-796,INTERNATIONAL,LHE-AUH,PAKISTAN,LAHORE,ALLAMA IQBAL INTERNATIONAL AIRPORT,LHE,UNITED ARAB EMIRATES,ABU DHABI,ZAYED INTERNATIONAL AIRPORT,AUH,3 HOURS 30 MINUTES,
477,AIR SIAL,PF,PF-797,INTERNATIONAL,AUH-LHE,UNITED ARAB EMIRATES,ABU DHABI,ZAYED INTERNATIONAL AIRPORT,AUH,PAKISTAN,LAHORE,ALLAMA IQBAL INTERNATIONAL AIRPORT,LHE,3 HOURS 5 MINUTES,
478,AIR SIAL,PF,PF-732,INTERNATIONAL,LHE-MCT,PAKISTAN,LAHORE,ALLAMA IQBAL INTERNATIONAL AIRPORT,LHE,OMAN,MUSCAT,MUSCAT INTERNATIONAL AIRPORT,MCT,3 HOURS 15 MINUTES,
479,AIR SIAL,PF,PF-733,INTERNATIONAL,MCT-LHE,OMAN,MUSCAT,MUSCAT INTERNATIONAL AIRPORT,MCT,PAKISTAN,LAHORE,ALLAMA IQBAL INTERNATIONAL AIRPORT,LHE,2 HOURS 35 MINUTES,
480,AIR SIAL,PF,PF-714,INTERNATIONAL,KHI-JED,PAKISTAN,KARACHI,JINNAH INTERNATIONAL AIRPORT,KHI,SAUDI ARABIA,JEDDAH,KING ABDUL AZIZ INTERNATIONAL AIRPORT,JED,4 HOURS 10 MINUTES,
481,AIR SIAL,PF,PF-715,INTERNATIONAL,JED-KHI,SAUDI ARABIA,JEDDAH,KING ABDUL AZIZ INTERNATIONAL AIRPORT,JED,PAKISTAN,KARACHI,JINNAH INTERNATIONAL AIRPORT,KHI,4 HOURS,
482,AIR SIAL,PF,PF-720,INTERNATIONAL,SKT-JED,PAKISTAN,SIALKOT,SIALKOT INTERNATIONAL AIRPORT,SKT,SAUDI ARABIA,JEDDAH,KING ABDUL AZIZ INTERNATIONAL AIRPORT,JED,6 HOURS 10 MINUTES,
483,AIR SIAL,PF,PF-721,INTERNATIONAL,JED-SKT,SAUDI ARABIA,JEDDAH,KING ABDUL AZIZ INTERNATIONAL AIRPORT,JED,PAKISTAN,SIALKOT,SIALKOT INTERNATIONAL AIRPORT,SKT,4 HOURS 50 MINUTES,
484,AIR SIAL,PF,PF-760,INTERNATIONAL,SKT-MED,PAKISTAN,SIALKOT,SIALKOT INTERNATIONAL AIRPORT,SKT,SAUDI ARABIA,MEDINAH,PRINCE MUHAMMAD BIN ABDULAZIZ INTERNATIONAL AIRPORT,MED,4 HOURS 55 MINUTES,
485,AIR SIAL,PF,PF-761,INTERNATIONAL,MED-SKT,SAUDI ARABIA,MEDINAH,PRINCE MUHAMMAD BIN ABDULAZIZ INTERNATIONAL AIRPORT,MED,PAKISTAN,SIALKOT,SIALKOT INTERNATIONAL AIRPORT,SKT,5 HOURS,
486,AIR SIAL,PF,PF-736,INTERNATIONAL,SKT-MCT,PAKISTAN,SIALKOT,SIALKOT INTERNATIONAL AIRPORT,SKT,OMAN,MUSCAT,MUSCAT INTERNATIONAL AIRPORT,MCT,3 HOURS 25 MINUTES,
487,AIR SIAL,PF,PF-737,INTERNATIONAL,MCT-SKT,OMAN,MUSCAT,MUSCAT INTERNATIONAL AIRPORT,MCT,PAKISTAN,SIALKOT,SIALKOT INTERNATIONAL AIRPORT,SKT,2 HOURS 40 MINUTES,
488,AIR SIAL,PF,PF-702,INTERNATIONAL,MUX-JED,PAKISTAN,MULTAN,MULTAN INTERNATIONAL AIRPORT,MUX,SAUDI ARABIA,JEDDAH,KING ABDUL AZIZ INTERNATIONAL AIRPORT,JED,5 HOURS 20 MINUTES,
489,AIR SIAL,PF,PF-722,INTERNATIONAL,MUX-JED,PAKISTAN,MULTAN,MULTAN INTERNATIONAL AIRPORT,MUX,SAUDI ARABIA,JEDDAH,KING ABDUL AZIZ INTERNATIONAL AIRPORT,JED,5 HOURS 20 MINUTES,
490,AIR SIAL,PF,PF-703,INTERNATIONAL,JED-MUX,SAUDI ARABIA,JEDDAH,KING ABDUL AZIZ INTERNATIONAL AIRPORT,JED,PAKISTAN,MULTAN,MULTAN INTERNATIONAL AIRPORT,MUX,4 HOURS 40 MINUTES,
491,AIR SIAL,PF,PF-723,INTERNATIONAL,JED-MUX,SAUDI ARABIA,JEDDAH,KING ABDUL AZIZ INTERNATIONAL AIRPORT,JED,PAKISTAN,MULTAN,MULTAN INTERNATIONAL AIRPORT,MUX,4 HOURS 40 MINUTES,
492,AIR BLUE,PA,PA-272,INTERNATIONAL,ISB-JED ,PAKISTAN,ISLAMABAD,ISLAMABAD INTERNATIONAL AIRPORT,ISB,SAUDI ARABIA,JEDDAH,KING ABDUL AZIZ INTERNATIONAL AIRPORT,JED,6 HOURS 15 MINUTES,
493,AIR BLUE,PA,PA-271,INTERNATIONAL,JED-ISB,SAUDI ARABIA,JEDDAH,KING ABDUL AZIZ INTERNATIONAL AIRPORT,JED,PAKISTAN,ISLAMABAD,ISLAMABAD INTERNATIONAL AIRPORT,ISB,5 HOURS 10 MINUTES,
494,AIR BLUE,PA,PA-274,INTERNATIONAL,ISB-RUH,PAKISTAN,ISLAMABAD,ISLAMABAD INTERNATIONAL AIRPORT,ISB,SAUDI ARABIA,RIYADH,KING KHALID INTERNATIONAL AIRPORT,RUH,3 HOURS 19 MINUTES,
495,AIR BLUE,PA,PA-275,INTERNATIONAL,RUH-ISB,SAUDI ARABIA,RIYADH,KING KHALID INTERNATIONAL AIRPORT,RUH,PAKISTAN,ISLAMABAD,ISLAMABAD INTERNATIONAL AIRPORT,ISB,6 HOURS 15 MINUTES,
496,AIR BLUE,PA,PA-278,INTERNATIONAL,ISB-DMM,PAKISTAN,ISLAMABAD,ISLAMABAD INTERNATIONAL AIRPORT,ISB,SAUDI ARABIA,DAMMAM,KING FAHAD INTERNATIONAL AIRPORT,DMM,2 HOURS 35 MINUTES,
497,AIR BLUE,PA,PA-279,INTERNATIONAL,DMM-ISB,SAUDI ARABIA,DAMMAM,KING FAHAD INTERNATIONAL AIRPORT,DMM,PAKISTAN,ISLAMABAD,ISLAMABAD INTERNATIONAL AIRPORT,ISB,5 HOURS 40 MINUTES,
498,AIR BLUE,PA,PA-210,INTERNATIONAL,ISB-DXB,PAKISTAN,ISLAMABAD,ISLAMABAD INTERNATIONAL AIRPORT,ISB,UNITED ARAB EMIRATES,DUBAI,DUBAI INTERNATIONAL AIRPORT,DXB,3 HOURS 45 MINUTES,
499,AIR BLUE,PA,PA-216,INTERNATIONAL,ISB-DXB,PAKISTAN,ISLAMABAD,ISLAMABAD INTERNATIONAL AIRPORT,ISB,UNITED ARAB EMIRATES,DUBAI,DUBAI INTERNATIONAL AIRPORT,DXB,3 HOURS 45 MINUTES,
500,AIR BLUE,PA,PA-211,INTERNATIONAL,DXB-ISB,UNITED ARAB EMIRATES,DUBAI,DUBAI INTERNATIONAL AIRPORT,DXB,PAKISTAN,ISLAMABAD,ISLAMABAD INTERNATIONAL AIRPORT,ISB,3 HOURS 15 MINUTES,
501,AIR BLUE,PA,PA-217,INTERNATIONAL,DXB-ISB,UNITED ARAB EMIRATES,DUBAI,DUBAI INTERNATIONAL AIRPORT,DXB,PAKISTAN,ISLAMABAD,ISLAMABAD INTERNATIONAL AIRPORT,ISB,3 HOURS 15 MINUTES,
502,AIR BLUE,PA,PA-212,INTERNATIONAL,ISB-SHJ,PAKISTAN,ISLAMABAD,ISLAMABAD INTERNATIONAL AIRPORT,ISB,UNITED ARAB EMIRATES,SHARJAH,SHARJAH INTERNATIONAL AIRPORT,SHJ,2 HOURS 35 MINUTES,
503,AIR BLUE,PA,PA-213,INTERNATIONAL,SHJ-ISB,UNITED ARAB EMIRATES,SHARJAH,SHARJAH INTERNATIONAL AIRPORT,SHJ,PAKISTAN,ISLAMABAD,ISLAMABAD INTERNATIONAL AIRPORT,ISB,4 HOURS 10 MINUTES,
504,AIR BLUE,PA,PA-230,INTERNATIONAL,ISB-AUH,PAKISTAN,ISLAMABAD,ISLAMABAD INTERNATIONAL AIRPORT,ISB,UNITED ARAB EMIRATES,ABU DHABI,ZAYED INTERNATIONAL AIRPORT,AUH,3 HOURS 50 MINUTES,
505,AIR BLUE,PA,PA-231,INTERNATIONAL,AUH-ISB,UNITED ARAB EMIRATES,ABU DHABI,ZAYED INTERNATIONAL AIRPORT,AUH,PAKISTAN,ISLAMABAD,ISLAMABAD INTERNATIONAL AIRPORT,ISB,3 HOURS 15 MINUTES,
506,AIR BLUE,PA,PA-470,INTERNATIONAL,LHE-JED,PAKISTAN,LAHORE,ALLAMA IQBAL INTERNATIONAL AIRPORT,LHE,SAUDI ARABIA,JEDDAH,KING ABDUL AZIZ INTERNATIONAL AIRPORT,JED,6 HOURS 15 MINUTES,
507,AIR BLUE,PA,PA-471,INTERNATIONAL,JED-LHE,SAUDI ARABIA,JEDDAH,KING ABDUL AZIZ INTERNATIONAL AIRPORT,JED,PAKISTAN,LAHORE,ALLAMA IQBAL INTERNATIONAL AIRPORT,LHE,5 HOURS 5 MINUTES,
508,AIR BLUE,PA,PA-474,INTERNATIONAL,LHE-RUH,PAKISTAN,LAHORE,ALLAMA IQBAL INTERNATIONAL AIRPORT,LHE,SAUDI ARABIA,RIYADH,KING KHALID INTERNATIONAL AIRPORT,RUH,3 HOURS 15 MINUTES,
509,AIR BLUE,PA,PA-475,INTERNATIONAL,RUH-LHE,SAUDI ARABIA,RIYADH,KING KHALID INTERNATIONAL AIRPORT,RUH,PAKISTAN,LAHORE,ALLAMA IQBAL INTERNATIONAL AIRPORT,LHE,6 HOURS 15 MINUTES,
510,AIR BLUE,PA,PA-478,INTERNATIONAL,LHE-DMM,PAKISTAN,LAHORE,ALLAMA IQBAL INTERNATIONAL AIRPORT,LHE,SAUDI ARABIA,DAMMAM,KING FAHAD INTERNATIONAL AIRPORT,DMM,2 HOURS 35 MINUTES,
511,AIR BLUE,PA,PA-479,INTERNATIONAL,DMM-LHE,SAUDI ARABIA,DAMMAM,KING FAHAD INTERNATIONAL AIRPORT,DMM,PAKISTAN,LAHORE,ALLAMA IQBAL INTERNATIONAL AIRPORT,LHE,5 HOURS 40 MINUTES,
512,AIR BLUE,PA,PA-410,INTERNATIONAL,LHE-DXB,PAKISTAN,LAHORE,ALLAMA IQBAL INTERNATIONAL AIRPORT,LHE,UNITED ARAB EMIRATES,DUBAI,DUBAI INTERNATIONAL AIRPORT,DXB,3 HOURS 55 MINUTES,
513,AIR BLUE,PA,PA-411,INTERNATIONAL,DXB-LHE,UNITED ARAB EMIRATES,DUBAI,DUBAI INTERNATIONAL AIRPORT,DXB,PAKISTAN,LAHORE,ALLAMA IQBAL INTERNATIONAL AIRPORT,LHE,3 HOURS 10 MINUTES,
514,AIR BLUE,PA,PA-412,INTERNATIONAL,LHE-SHJ,PAKISTAN,LAHORE,ALLAMA IQBAL INTERNATIONAL AIRPORT,LHE,UNITED ARAB EMIRATES,SHARJAH,SHARJAH INTERNATIONAL AIRPORT,SHJ,2 HOURS 45 MINUTES,
515,AIR BLUE,PA,PA-413,INTERNATIONAL,SHJ-LHE,UNITED ARAB EMIRATES,SHARJAH,SHARJAH INTERNATIONAL AIRPORT,SHJ,PAKISTAN,LAHORE,ALLAMA IQBAL INTERNATIONAL AIRPORT,LHE,4 HOURS 5 MINUTES,
516,AIR BLUE,PA,PA-430,INTERNATIONAL,LHE-AUH,PAKISTAN,LAHORE,ALLAMA IQBAL INTERNATIONAL AIRPORT,LHE,UNITED ARAB EMIRATES,ABU DHABI,ZAYED INTERNATIONAL AIRPORT,AUH,3 HOURS 50 MINUTES,
517,AIR BLUE,PA,PA-431,INTERNATIONAL,AUH-LHE,UNITED ARAB EMIRATES,ABU DHABI,ZAYED INTERNATIONAL AIRPORT,AUH,PAKISTAN,LAHORE,ALLAMA IQBAL INTERNATIONAL AIRPORT,LHE,3 HOURS 15 MINUTES,
518,AIR BLUE,PA,PA-170,INTERNATIONAL,KHI-JED,PAKISTAN,KARACHI,JINNAH INTERNATIONAL AIRPORT,KHI,SAUDI ARABIA,JEDDAH,KING ABDUL AZIZ INTERNATIONAL AIRPORT,JED,4 HOURS 35 MINUTES,
519,AIR BLUE,PA,PA-171,INTERNATIONAL,JED-KHI,SAUDI ARABIA,JEDDAH,KING ABDUL AZIZ INTERNATIONAL AIRPORT,JED,PAKISTAN,KARACHI,JINNAH INTERNATIONAL AIRPORT,KHI,4 HOURS 30 MINUTES,
520,AIR BLUE,PA,PA-110,INTERNATIONAL,KHI-DXB,PAKISTAN,KARACHI,JINNAH INTERNATIONAL AIRPORT,KHI,UNITED ARAB EMIRATES,DUBAI,DUBAI INTERNATIONAL AIRPORT,DXB,2 HOURS 25 MINUTES,
521,AIR BLUE,PA,PA-111,INTERNATIONAL,DXB-KHI,UNITED ARAB EMIRATES,DUBAI,DUBAI INTERNATIONAL AIRPORT,DXB,PAKISTAN,KARACHI,JINNAH INTERNATIONAL AIRPORT,KHI,2 HOURS 20 MINUTES,
522,AIR BLUE,PA,PA-870,INTERNATIONAL,MUX-JED,PAKISTAN,MULTAN,MULTAN INTERNATIONAL AIRPORT,MUX,SAUDI ARABIA,JEDDAH,KING ABDUL AZIZ INTERNATIONAL AIRPORT,JED,5 HOURS 45 MINUTES,
523,AIR BLUE,PA,PA-872,INTERNATIONAL,MUX-JED,PAKISTAN,MULTAN,MULTAN INTERNATIONAL AIRPORT,MUX,SAUDI ARABIA,JEDDAH,KING ABDUL AZIZ INTERNATIONAL AIRPORT,JED,5 HOURS 45 MINUTES,
524,AIR BLUE,PA,PA-871,INTERNATIONAL,JED-MUX,SAUDI ARABIA,JEDDAH,KING ABDUL AZIZ INTERNATIONAL AIRPORT,JED,PAKISTAN,MULTAN,MULTAN INTERNATIONAL AIRPORT,MUX,5 HOURS 15 MINUTES,
525,AIR BLUE,PA,PA-873,INTERNATIONAL,JED-MUX,SAUDI ARABIA,JEDDAH,KING ABDUL AZIZ INTERNATIONAL AIRPORT,JED,PAKISTAN,MULTAN,MULTAN INTERNATIONAL AIRPORT,MUX,5 HOURS 15 MINUTES,
526,AIR BLUE,PA,PA-810,INTERNATIONAL,MUX-DXB,PAKISTAN,MULTAN,MULTAN INTERNATIONAL AIRPORT,MUX,UNITED ARAB EMIRATES,DUBAI,DUBAI INTERNATIONAL AIRPORT,DXB,3 HOURS 25 MINUTES,
527,AIR BLUE,PA,PA-811,INTERNATIONAL,DXB-MUX,UNITED ARAB EMIRATES,DUBAI,DUBAI INTERNATIONAL AIRPORT,DXB,PAKISTAN,MULTAN,MULTAN INTERNATIONAL AIRPORT,MUX,2 HOURS 55 MINUTES,
528,AIR BLUE,PA,PA-812,INTERNATIONAL,MUX-SHJ,PAKISTAN,MULTAN,MULTAN INTERNATIONAL AIRPORT,MUX,UNITED ARAB EMIRATES,SHARJAH,SHARJAH INTERNATIONAL AIRPORT,SHJ,2 HOURS 20 MINUTES,
529,AIR BLUE,PA,PA-813,INTERNATIONAL,SHJ-MUX,UNITED ARAB EMIRATES,SHARJAH,SHARJAH INTERNATIONAL AIRPORT,SHJ,PAKISTAN,MULTAN,MULTAN INTERNATIONAL AIRPORT,MUX,3 HOURS 45 MINUTES,
530,AIR BLUE,PA,PA-876,INTERNATIONAL,MUX-MED,PAKISTAN,MULTAN,MULTAN INTERNATIONAL AIRPORT,MUX,SAUDI ARABIA,MEDINAH,PRINCE MUHAMMAD BIN ABDULAZIZ INTERNATIONAL AIRPORT,MED,4 HOURS 30 MINUTES,
531,AIR BLUE,PA,PA-877,INTERNATIONAL,MED-MUX,SAUDI ARABIA,MEDINAH,PRINCE MUHAMMAD BIN ABDULAZIZ INTERNATIONAL AIRPORT,MED,PAKISTAN,MULTAN,MULTAN INTERNATIONAL AIRPORT,MUX,4 HOURS 45 MINUTES,
532,AIR BLUE,PA,PA-468,INTERNATIONAL,LHE-GYD,PAKISTAN,LAHORE,ALLAMA IQBAL INTERNATIONAL AIRPORT,LHE,AZERBAIJAN,BAKU,HEYDER ALIYEV INTERNATIONAL AIRPORT,GYD,4 HOURS,
533,AIR BLUE,PA,PA-49,INTERNATIONAL,GYD-LHE,AZERBAIJAN,BAKU,HEYDER ALIYEV INTERNATIONAL AIRPORT,GYD,PAKISTAN,LAHORE,ALLAMA IQBAL INTERNATIONAL AIRPORT,LHE,3 HOURS 40 MINUTES,
534,TURKISH AIRLINES,TK,TK-711,INTERNATIONAL,ISB-IST,PAKISTAN,ISLAMABAD,ISLAMABAD INTERNATIONAL AIRPORT,ISB,TURKEY,ISTANBUL,IGA ISTANBUL AIRPORT,IST,6 HOURS 15 MINUTES,
535,TURKISH AIRLINES,TK,TK-751,INTERNATIONAL,ISB-IST,PAKISTAN,ISLAMABAD,ISLAMABAD INTERNATIONAL AIRPORT,ISB,TURKEY,ISTANBUL,IGA ISTANBUL AIRPORT,IST,6 HOURS 15 MINUTES,
536,TURKISH AIRLINES,TK,TK-710,INTERNATIONAL,IST-ISB,TURKEY,ISTANBUL,IGA ISTANBUL AIRPORT,IST,PAKISTAN,ISLAMABAD,ISLAMABAD INTERNATIONAL AIRPORT,ISB,5 HOURS 20 MINUTES,
537,TURKISH AIRLINES,TK,TK-750,INTERNATIONAL,IST-ISB,TURKEY,ISTANBUL,IGA ISTANBUL AIRPORT,IST,PAKISTAN,ISLAMABAD,ISLAMABAD INTERNATIONAL AIRPORT,ISB,5 HOURS 20 MINUTES,
538,TURKISH AIRLINES,TK,TK-714,INTERNATIONAL,LHE-IST,PAKISTAN,LAHORE,ALLAMA IQBAL INTERNATIONAL AIRPORT,LHE,TURKEY,ISTANBUL,IGA ISTANBUL AIRPORT,IST,5 HOURS 25 MINUTES,
539,TURKISH AIRLINES,TK,TK-744,INTERNATIONAL,LHE-IST,PAKISTAN,LAHORE,ALLAMA IQBAL INTERNATIONAL AIRPORT,LHE,TURKEY,ISTANBUL,IGA ISTANBUL AIRPORT,IST,5 HOURS 25 MINUTES,
540,TURKISH AIRLINES,TK,TK-715,INTERNATIONAL,IST-LHE,TURKEY,ISTANBUL,IGA ISTANBUL AIRPORT,IST,PAKISTAN,LAHORE,ALLAMA IQBAL INTERNATIONAL AIRPORT,LHE,6 HOURS 30 MINUTES,
541,TURKISH AIRLINES,TK,TK-745,INTERNATIONAL,IST-LHE,TURKEY,ISTANBUL,IGA ISTANBUL AIRPORT,IST,PAKISTAN,LAHORE,ALLAMA IQBAL INTERNATIONAL AIRPORT,LHE,6 HOURS 30 MINUTES,
542,TURKISH AIRLINES,TK,TK-709,INTERNATIONAL,KHI-IST,PAKISTAN,KARACHI,JINNAH INTERNATIONAL AIRPORT,KHI,TURKEY,ISTANBUL,IGA ISTANBUL AIRPORT,IST,6 HOURS 25 MINUTES,
543,TURKISH AIRLINES,TK,TK-719,INTERNATIONAL,KHI-IST,PAKISTAN,KARACHI,JINNAH INTERNATIONAL AIRPORT,KHI,TURKEY,ISTANBUL,IGA ISTANBUL AIRPORT,IST,6 HOURS 25 MINUTES,
544,TURKISH AIRLINES,TK,TK-718,INTERNATIONAL,IST-KHI,TURKEY,ISTANBUL,IGA ISTANBUL AIRPORT,IST,PAKISTAN,KARACHI,JINNAH INTERNATIONAL AIRPORT,KHI,5 HOURS 25 MINUTES,
545,TURKISH AIRLINES,TK,TK-708,INTERNATIONAL,IST-KHI,TURKEY,ISTANBUL,IGA ISTANBUL AIRPORT,IST,PAKISTAN,KARACHI,JINNAH INTERNATIONAL AIRPORT,KHI,5 HOURS 25 MINUTES,
546,PEGAASUS AIRLINES,PC,PC-131,INTERNATIONAL,KHI-SAW,PAKISTAN,KARACHI,JINNAH INTERNATIONAL AIRPORT,KHI,TURKEY,ISTANBUL,SABIHA GOKCEN INTERNATIONAL AIRPORT,SAW,6 HOURS 20 MINUTES,
547,PEGAASUS AIRLINES,PC,PC-130,INTERNATIONAL,SAW-KHI,TURKEY,ISTANBUL,SABIHA GOKCEN INTERNATIONAL AIRPORT,SAW,PAKISTAN,KARACHI,JINNAH INTERNATIONAL AIRPORT,KHI,5 HOURS 15 MINUTES,
548,KAM AIR,RQ,RQ-928,INTERNATIONAL,ISB-KBL,PAKISTAN,ISLAMABAD,ISLAMABAD INTERNATIONAL AIRPORT,ISB,AFGHANISTAN,KABUL,KABUL INTERNATIONAL AIRPORT,KBL,1 HOURS,
549,KAM AIR,RQ,RQ-927,INTERNATIONAL,KBL-ISB,AFGHANISTAN,KABUL,KABUL INTERNATIONAL AIRPORT,KBL,PAKISTAN,ISLAMABAD,ISLAMABAD INTERNATIONAL AIRPORT,ISB,1 HOURS 10 MINUTES,
550,ARIANA AFGHAN AIRLINES,FG,FG-308,INTERNATIONAL,ISB-KBL,PAKISTAN,ISLAMABAD,ISLAMABAD INTERNATIONAL AIRPORT,ISB,AFGHANISTAN,KABUL,KABUL INTERNATIONAL AIRPORT,KBL,1 HOURS,
551,ARIANA AFGHAN AIRLINES,FG,FG-307,INTERNATIONAL,KBL-ISB,AFGHANISTAN,KABUL,KABUL INTERNATIONAL AIRPORT,KBL,PAKISTAN,ISLAMABAD,ISLAMABAD INTERNATIONAL AIRPORT,ISB,1 HOURS,
552,THAI AIRWAYS,TG,TG-350,INTERNATIONAL,ISB-BKK,PAKISTAN,ISLAMABAD,ISLAMABAD INTERNATIONAL AIRPORT,ISB,THAILAND ,BANGKOK,BANGKOK INTERNATIONAL AIRPORT,BKK,4 HOURS 45 MINUTES,
553,THAI AIRWAYS,TG,TK-349,INTERNATIONAL,BKK-ISB,THAILAND ,BANGKOK,BANGKOK INTERNATIONAL AIRPORT,BKK,PAKISTAN,ISLAMABAD,ISLAMABAD INTERNATIONAL AIRPORT,ISB,5 HOURS 35 MINUTES,
554,THAI AIRWAYS,TG,TG-346,INTERNATIONAL,LHE-BKK,PAKISTAN,LAHORE,ALLAMA IQBAL INTERNATIONAL AIRPORT,LHE,THAILAND ,BANGKOK,BANGKOK INTERNATIONAL AIRPORT,BKK,4 HOURS 25 MINUTES,
555,THAI AIRWAYS,TG,TG-345,INTERNATIONAL,BKK-LHE,THAILAND ,BANGKOK,BANGKOK INTERNATIONAL AIRPORT,BKK,PAKISTAN,LAHORE,ALLAMA IQBAL INTERNATIONAL AIRPORT,LHE,5 HOURS 15 MINUTES,
556,THAI AIRWAYS,TG,TG-341,INTERNATIONAL,KHI-BKK,PAKISTAN,KARACHI,JINNAH INTERNATIONAL AIRPORT,KHI,THAILAND ,BANGKOK,BANGKOK INTERNATIONAL AIRPORT,BKK,5 HOURS 35 MINUTES,
557,THAI AIRWAYS,TG,TG-342,INTERNATIONAL,BKK-KHI,THAILAND ,BANGKOK,BANGKOK INTERNATIONAL AIRPORT,BKK,PAKISTAN,KARACHI,JINNAH INTERNATIONAL AIRPORT,KHI,4 HOURS 35 MINUTES,
558,MALINDO AIR,OD,OD-132,INTERNATIONAL,LHE-KUL,PAKISTAN,LAHORE,ALLAMA IQBAL INTERNATIONAL AIRPORT,LHE,MALAYSIA,KUALA LUMPUR,KUALA LUMPUR INTERNATIONAL AIRPORT,KUL,5 HOURS 45 MINUTES,
559,MALINDO AIR,OD,OD-131,INTERNATIONAL,KUL-LHE,MALAYSIA,KUALA LUMPUR,KUALA LUMPUR INTERNATIONAL AIRPORT,KUL,PAKISTAN,LAHORE,ALLAMA IQBAL INTERNATIONAL AIRPORT,LHE,6 HOURS 10 MINUTES,
560,MALINDO AIR,OD,OD-136,INTERNATIONAL,KHI-KUL,PAKISTAN,KARACHI,JINNAH INTERNATIONAL AIRPORT,KHI,MALAYSIA,KUALA LUMPUR,KUALA LUMPUR INTERNATIONAL AIRPORT,KUL,6 HOURS 15 MINUTES,
561,MALINDO AIR,OD,OD-135,INTERNATIONAL,KUL-KHI,MALAYSIA,KUALA LUMPUR,KUALA LUMPUR INTERNATIONAL AIRPORT,KUL,PAKISTAN,KARACHI,JINNAH INTERNATIONAL AIRPORT,KHI,6 HOURS 10 MINUTES,
562,MAHAN AIR,W5,W5-1194,INTERNATIONAL,LHE-IKA,PAKISTAN,LAHORE,ALLAMA IQBAL INTERNATIONAL AIRPORT,LHE,IRAN,TEHRAN,IMAM KHOMEINI AIRPORT,IKA,4 HOURS,
563,MAHAN AIR,W5,W5-1195,INTERNATIONAL,IKA-LHE,IRAN,TEHRAN,IMAM KHOMEINI AIRPORT,IKA,PAKISTAN,LAHORE,ALLAMA IQBAL INTERNATIONAL AIRPORT,LHE,4 HOURS,
564,IRAQI AIRWAYS,IA,IA-432,INTERNATIONAL,KHI-BGW,PAKISTAN,KARACHI,JINNAH INTERNATIONAL AIRPORT,KHI,IRAQ,BAGHDAD,BAGHDAD INTERNATIONAL AIRPORT,BGW,4 HOURS,
565,IRAQI AIRWAYS,IA,IA-431,INTERNATIONAL,BGW-KHI,IRAQ,BAGHDAD,BAGHDAD INTERNATIONAL AIRPORT,BGW,PAKISTAN,KARACHI,JINNAH INTERNATIONAL AIRPORT,KHI,4 HOURS,
566,AIR CHINA ,CA,CA-944,INTERNATIONAL,ISB-PEK,PAKISTAN,ISLAMABAD,ISLAMABAD INTERNATIONAL AIRPORT,ISB,CHINA ,BEIJING,BEIJING CAPITAL INTERNATIONAL AIRPORT,PEK,5 HOURS 30 MINUTES,
567,AIR CHINA ,CA,CA-943,INTERNATIONAL,PEK-ISB,CHINA,BEIJING,BEIJING CAPITAL INTERNATIONAL AIRPORT,PEK,PAKISTAN,ISLAMABAD,ISLAMABAD INTERNATIONAL AIRPORT,ISB,6 HOURS 50 MINUTES,
568,AIR CHINA ,CA,CA-946,INTERNATIONAL,KHI-PEK,PAKISTAN,KARACHI,JINNAH INTERNATIONAL AIRPORT,KHI,CHINA ,BEIJING,BEIJING CAPITAL INTERNATIONAL AIRPORT,PEK,6 HOURS 45 MINUTES,
569,AIR CHINA ,CA,CA-645,INTERNATIONAL,PEK-KHI,CHINA,BEIJING,BEIJING CAPITAL INTERNATIONAL AIRPORT,PEK,PAKISTAN,ISLAMABAD,ISLAMABAD INTERNATIONAL AIRPORT,ISB,6 HOURS 45 MINUTES,
570,CHINA SOUTHERN AIRLINES,CZ,CZ-8070,INTERNATIONAL,ISB-CAN,PAKISTAN,ISLAMABAD,ISLAMABAD INTERNATIONAL AIRPORT,ISB,CHINA ,GHANGZHOU,GHANGZHOU BAIYUN INTERNATIONAL AIRPORT,CAN,5 HOURS 10 MINUTES,
571,CHINA SOUTHERN AIRLINES,CZ,CZ-8069,INTERNATIONAL,CAN-ISB,CHINA,GHANGZHOU,GHANGZHOU BAIYUN INTERNATIONAL AIRPORT,CAN,PAKISTAN,ISLAMABAD,ISLAMABAD INTERNATIONAL AIRPORT,ISB,6 HOURS 55 MINUTES,
572,CHINA SOUTHERN AIRLINES,CZ,CZ-6038,INTERNATIONAL,LHE-CAN,PAKISTAN,LAHORE,ALLAMA IQBAL INTERNATIONAL AIRPORT,LHE,CHINA ,GHANGZHOU,GHANGZHOU BAIYUN INTERNATIONAL AIRPORT,CAN,5 HOURS 30 MINUTES,
573,CHINA SOUTHERN AIRLINES,CZ,CZ-6037,INTERNATIONAL,CAN-LHE,CHINA,GHANGZHOU,GHANGZHOU BAIYUN INTERNATIONAL AIRPORT,CAN,PAKISTAN,LAHORE,ALLAMA IQBAL INTERNATIONAL AIRPORT,LHE,6 HOURS 5 MINUTES,
574,UZBEKISTAN AIRWAYS,HY,HY-466,INTERNATIONAL,ISB-TAS,PAKISTAN,ISLAMABAD,ISLAMABAD INTERNATIONAL AIRPORT,ISB,UZBEKISTAN,TASHKENT ,TASHKENT INTERNATIONAL AIRPORT,TAS,2 HOURS,
575,UZBEKISTAN AIRWAYS,HY,HY-465,INTERNATIONAL,TAS-ISB,UZBEKISTAN,TASHKENT,TASHKENT INTERNATIONAL AIRPORT,TAS,PAKISTAN,ISLAMABAD,ISLAMABAD INTERNATIONAL AIRPORT,ISB,2 HOURS,
576,UZBEKISTAN AIRWAYS,HY,HY-462,INTERNATIONAL,LHE-TAS,PAKISTAN,LAHORE,ALLAMA IQBAL INTERNATIONAL AIRPORT,LHE,UZBEKISTAN,TASHKENT ,TASHKENT INTERNATIONAL AIRPORT,TAS,2 HOURS 25 MINUTES,
577,UZBEKISTAN AIRWAYS,HY,HY-461,INTERNATIONAL,TAS-LHE,UZBEKISTAN,TASHKENT,TASHKENT INTERNATIONAL AIRPORT,TAS,PAKISTAN,LAHORE,ALLAMA IQBAL INTERNATIONAL AIRPORT,LHE,2 HOURS 20 MINUTES,
578,ETHIOPIAN AIRLINES,ET,ET-695,INTERNATIONAL,KHI-ADD,PAKISTAN,KARACHI,JINNAH INTERNATIONAL AIRPORT,KHI,ETHIOPIA,ADDIS ABABA,ADDIS ABABA BOLE INTERNATIONAL AIRPORT,ADD,5 HOURS 30 MINUTES,
579,ETHIOPIAN AIRLINES,ET,ET-694,INTERNATIONAL,ADD-KHI,ETHIOPIA,ADDIS ADEBA,ADDIS ABABA BOLE INTERNATIONAL AIRPORT,ADD,PAKISTAN,KARACHI,JINNAH INTERNATIONAL AIRPORT,KHI,5 HOURS 25 MINUTES,
580,AZERBAIJAN AIRLINES,J2,J2-144,INTERNATIONAL,ISB-GYD,PAKISTAN,ISLAMABAD,ISLAMABAD INTERNATIONAL AIRPORT,ISB,AZERBAIJAN,BAKU,HEYDER ALIYEV INTERNATIONAL AIRPORT,GYD,3 HOURS 40 MINUTES,
581,AZERBAIJAN AIRLINES,J2,J2-143,INTERNATIONAL,GYD-ISB,AFGHANISTAN,BAKU,HEYDER ALIYEV INTERNATIONAL AIRPORT,GYD,PAKISTAN,ISLAMABAD,ISLAMABAD INTERNATIONAL AIRPORT,ISB,3 HOURS 5 MINUTES,
582,AZERBAIJAN AIRLINES,J2,J2-146,INTERNATIONAL,LHE-GYD,PAKISTAN,LAHORE,ALLAMA IQBAL INTERNATIONAL AIRPORT,LHE,AZERBAIJAN,BAKU,HEYDER ALIYEV INTERNATIONAL AIRPORT,GYD,3 HOURS 45 MINUTES,
583,AZERBAIJAN AIRLINES,J2,J2-145,INTERNATIONAL,GYD-LHE,AZERBAIJAN,BAKU,HEYDER ALIYEV INTERNATIONAL AIRPORT,GYD,PAKISTAN,LAHORE,ALLAMA IQBAL INTERNATIONAL AIRPORT,LHE,3 HOURS 45 MINUTES,
584,SRILANKAN AIRLINES,UL,UL-186,INTERNATIONAL,LHE-CMB,PAKISTAN,LAHORE,ALLAMA IQBAL INTERNATIONAL AIRPORT,LHE,SRILANKA,COLOMBO,COLOMBO BANDARANAIKE INTERNATIONAL AIRPORT,CMB,3 HOURS 50 MINUTES,
585,SRILANKAN AIRLINES,UL,UL-185,INTERNATIONAL,CMB-LHE,SRILANKA ,COLOMBO,COLOMBO BANDARANAIKE INTERNATIONAL AIRPORT,CMB,PAKISTAN,LAHORE,ALLAMA IQBAL INTERNATIONAL AIRPORT,LHE,3 HOURS 50 MINUTES,
586,SRILANKAN AIRLINES,UL,UL-152,INTERNATIONAL,KHI-CMB,PAKISTAN,KARACHI,JINNAH INTERNATIONAL AIRPORT,KHI,SRILANKA,COLOMBO,COLOMBO BANDARANAIKE INTERNATIONAL AIRPORT,CMB,3 HOURS 25 MINUTES,
587,SRILANKAN AIRLINES,UL,UL-151,INTERNATIONAL,CMB-KHI,SRILANKA ,COLOMBO,COLOMBO BANDARANAIKE INTERNATIONAL AIRPORT,CMB,PAKISTAN,KARACHI,JINNAH INTERNATIONAL AIRPORT,KHI,3 HOURS 25 MINUTES,
588,BIMAN AIR,BG,BG-342,INTERNATIONAL,KHI-DAC,PAKISTAN,KARACHI,JINNAH INTERNATIONAL AIRPORT,KHI,BANGLADESH,DHAKA,HAZRAT SHAHJALAL INTERNATIONAL AIRPORT,DAC,3  HOURS 19 MINUTES,
589,BIMAN AIR,BG,BG-341,INTERNATIONAL,DAC-KHI,BANGLADESH,DHAKA,HAZRAT SHAHJALAL INTERNATIONAL AIRPORT,DAC,PAKISTAN,KARACHI,JINNAH INTERNATIONAL AIRPORT,KHI,4 HOURS,
590,AERO NOMAD,KA,KA-586,INTERNATIONAL,ISB-BSZ,PAKISTAN,ISLAMABAD,ISLAMABAD INTERNATIONAL AIRPORT,ISB,KYRGYZSTAN,BISHKEK,MANAS INTERNATIONAL AIRPORT,BSZ,2 HOURS 10 MINUTES,
591,AERO NOMAD,KA,KA-585,INTERNATIONAL,BSZ-ISB,KYRGYSTAN,BISHKEK,MANAS INTERNATIONAL AIRPORT,BSZ,PAKISTAN,ISLAMABAD,ISLAMABAD INTERNATIONAL AIRPORT,ISB,2 HOURS 10 MINUTES,
592,AERO NOMAD,KA,KA-582,INTERNATIONAL,KHI-BSZ,PAKISTAN,KARACHI,JINNAH INTERNATIONAL AIRPORT,KHI,KYRGYZSTAN,BISHKEK,MANAS INTERNATIONAL AIRPORT,BSZ,2 HOURS 30 MINUTES,
593,AERO NOMAD,KA,KA-581,INTERNATIONAL,BSZ-KHI,KYRGYSTAN,BISHKEK,MANAS INTERNATIONAL AIRPORT,BSZ,PAKISTAN,KARACHI,JINNAH INTERNATIONAL AIRPORT,KHI,2 HOURS 10 MINUTES,
594,CENTRUM AIR,C6,C6-562,INTERNATIONAL,ISB-TAS,PAKISTAN,LAHORE,ALLAMA IQBAL INTERNATIONAL AIRPORT,LHE,UZBEKISTAN,TASHKENT ,TASHKENT INTERNATIONAL AIRPORT,TAS,2 HOURS 30 MINUTES,
595,CENTRUM AIR,C6,C6-561,INTERNATIONAL,TAS-ISB,UZBEKISTAN,TASHKENT,TASHKENT INTERNATIONAL AIRPORT,TAS,PAKISTAN,LAHORE,ALLAMA IQBAL INTERNATIONAL AIRPORT,LHE,2 HOURS 20 MINUTES,
596,CENTRUM AIR,C6,C6-566,INTERNATIONAL,KHI-TAS,PAKISTAN,KARACHI,JINNAH INTERNATIONAL AIRPORT,KHI,UZBEKISTAN,TASHKENT ,TASHKENT INTERNATIONAL AIRPORT,TAS,3 HOURS 10 MINUTES,
597,CENTRUM AIR,C6,C6-565,INTERNATIONAL,TAS-KHI,UZBEKISTAN,TASHKENT,TASHKENT INTERNATIONAL AIRPORT,TAS,PAKISTAN,KARACHI,JINNAH INTERNATIONAL AIRPORT,KHI,3 HOURS 30 MINUTES,
